0.0000000000000000e+00,0.0000000000000000e+00,3.1415926535897931e+00,0.0000000000000000e+00
-7.5086156872722097e-21,-3.0034462749088843e-18,3.1415926535897931e+00,4.5051694123633250e-18
-1.9185454276631690e-04,-7.6741424825268259e-02,-3.1414967272987084e+00,3.8369928159048043e-02
-7.6725861108946575e-04,-1.5341902394367557e-01,-3.1412090399692922e+00,7.6703237970579929e-02
-1.7258593588220079e-03,-2.3001930485010247e-01,-3.1407298033159621e+00,1.1498847744421484e-01
-3.0672363305833030e-03,-3.0652871242492974e-01,-3.1400592863915540e+00,1.5321416077766736e-01
-4.7909010512583337e-03,-3.8293359002570238e-01,-3.1391978158118969e+00,1.9136874619436589e-01
-6.8962964226064313e-03,-4.5922014125719290e-01,-3.1381457760901545e+00,2.2944061421053902e-01
-9.3827959307824053e-03,-5.3537439258420394e-01,-3.1369036100785270e+00,2.6741804643704475e-01
-1.2249702669397492e-02,-6.1138215695279741e-01,-3.1354718195143714e+00,3.0528920502219498e-01
-1.5496248183580318e-02,-6.8722899858741482e-01,-3.1338509656672695e+00,3.4304211284310521e-01
-1.9121591141340624e-02,-7.6290019913347584e-01,-3.1320416700830274e+00,3.8066463455461569e-01
-2.3124815839392240e-02,-8.3838072531740271e-01,-3.1300446154200405e+00,4.1814445860651095e-01
-2.7504930551457835e-02,-9.1365519829850417e-01,-3.1278605463729066e+00,4.5546908034153216e-01
-3.2260865727956230e-02,-9.8870786488962858e-01,-3.1254902706775933e+00,4.9262578628843590e-01
-3.7391472056863592e-02,-1.0635225708258187e+00,-3.1229346601918979e+00,5.2960163976600483e-01
-4.2895518396441130e-02,-1.1380827362622135e+00,-3.1201946520443506e+00,5.6638346791535055e-01
-4.8771689591432063e-02,-1.2123713336839701e+00,-3.1172712498441255e+00,6.0295785027894655e-01
-5.5018584185247035e-02,-1.2863708684118564e+00,-3.1141655249439255e+00,6.3931110904546884e-01
-6.1634712041575675e-02,-1.3600633618871791e+00,-3.1108786177472170e+00,6.7542930107956800e-01
-6.8618491889778102e-02,-1.4334303379186997e+00,-3.1074117390505900e+00,7.1129821185501640e-01
-7.5968248809318295e-02,-1.5064528120719225e+00,-3.1037661714114382e+00,7.4690335140812925e-01
-8.3682211669394241e-02,-1.5791112843774384e+00,-3.0999432705305656e+00,7.8222995242580651e-01
-9.1758510540790483e-02,-1.6513857355296562e+00,-3.0959444666387719e+00,8.1726297057885222e-01
-1.0019517409781790e-01,-1.7232556267400743e+00,-3.0917712658759253e+00,8.5198708720625493e-01
-1.0899012702900399e-01,-1.7946999034000466e+00,-3.0874252516505116e+00,8.8638671444974271e-01
-1.1814118747594383e-01,-1.8656970026966022e+00,-3.0829080859671851e+00,9.2044600293003087e-01
-1.2764606452040633e-01,-1.9362248653111542e+00,-3.0782215107093962e+00,9.5414885204666511e-01
-1.3750235574039940e-01,-2.0062609513147343e+00,-3.0733673488638047e+00,9.8747892297213580e-01
-1.4770754485642015e-01,-2.0757822603546292e+00,-3.0683475056728535e+00,1.0204196543979389e+00
-1.5825899948953778e-01,-2.1447653562059097e+00,-3.0631639697016335e+00,1.0529542810754462e+00
-1.6915396905326477e-01,-2.2131863957372997e+00,-3.0578188138049938e+00,1.0850658551778074e+00
-1.8038958280135359e-01,-2.2810211623141696e+00,-3.0523141959807654e+00,1.1167372704906646e+00
-1.9196284805369768e-01,-2.3482451036322152e+00,-3.0466523600949822e+00,1.1479512894192732e+00
-2.0387064862240445e-01,-2.4148333739437309e+00,-3.0408356364650917e+00,1.1786905727777828e+00
-2.1610974345983416e-01,-2.4807608806044894e+00,-3.0348664422873828e+00,1.2089377123030831e+00
-2.2867676554994856e-01,-2.5460023348333527e+00,-3.0287472818952068e+00,1.2386752658109357e+00
-2.4156822106368087e-01,-2.6105323065391435e+00,-3.0224807468350399e+00,1.2678857948863242e+00
-2.5478048879821386e-01,-2.6743252830304050e+00,-3.0160695157480477e+00,1.2965519049733236e+00
-2.6830981991903191e-01,-2.7373557313838686e+00,-3.0095163540455467e+00,1.3246562877026247e+00
-2.8215233802239109e-01,-2.7995981642072341e+00,-3.0028241133676414e+00,1.3521817652675123e+00
-2.9630403953442919e-01,-2.8610272084917781e+00,-2.9959957308153284e+00,1.3791113366319525e+00
-3.1076079446151600e-01,-2.9216176772109304e+00,-2.9890342279475042e+00,1.4054282253279204e+00
-3.2551834750462966e-01,-2.9813446432828932e+00,-2.9819427095355939e+00,1.4311159285736452e+00
-3.4057231954854322e-01,-3.0401835154792938e+00,-2.9747243620699235e+00,1.4561582674204858e+00
-3.5591820953443226e-01,-3.0981101158283857e+00,-2.9673824520134686e+00,1.4805394376141863e+00
-3.7155139672217868e-01,-3.1551007580311183e+00,-2.9599203238002385e+00,1.5042440608367036e+00
-3.8746714334617149e-01,-3.2111323263821046e+00,-2.9523413975772650e+00,1.5272572359781418e+00
-4.0366059766580920e-01,-3.2661823546657440e+00,-2.9446491666909531e+00,1.5495645900749466e+00
-4.2012679740921582e-01,-3.3202291044810623e+00,-2.9368471949203938e+00,1.5711523285408249e+00
-4.3686067360592135e-01,-3.3732516424377015e+00,-2.9289391134621212e+00,1.5920072843111641e+00
-4.5385705480145416e-01,-3.4252299156603474e+00,-2.9209286176727041e+00,1.6121169655203373e+00
-4.7111067164398107e-01,-3.4761448250400635e+00,-2.9128194635774474e+00,1.6314696013343677e+00
-4.8861616183033946e-01,-3.5259782956786903e+00,-2.9046154641553636e+00,1.6500541855691522e+00
-5.0636807539607098e-01,-3.5747133439868310e+00,-2.8963204854123776e+00,1.6678605177368304e+00
-5.2436088033141937e-01,-3.6223341409168981e+00,-2.8879384422564858e+00,1.6848792411799007e+00
-5.4258896850272897e-01,-3.6688260708401748e+00,-2.8794732941902392e+00,1.7011018779741998e+00
-5.6104666185630769e-01,-3.7141757856105091e+00,-2.8709290408374422e+00,1.7165208603076401e+00
-5.7972821887962900e-01,-3.7583712533967941e+00,-2.8623097173223635e+00,1.7311295580713471e+00
-5.9862784129276736e-01,-3.8014018019112146e+00,-2.8536193895209805e+00,1.7449223024331455e+00
-6.1773968094122222e-01,-3.8432581557098127e+00,-2.8448621492048418e+00,1.7578944051997512e+00
-6.3705784685979772e-01,-3.8839324672954776e+00,-2.8360421090990084e+00,1.7700421738129923e+00
-6.5657641247600018e-01,-3.9234183418102426e+00,-2.8271633978761952e+00,1.7813629218663292e+00
-6.7628942292049565e-01,-3.9617108551629068e+00,-2.8182301551097075e+00,1.7918549750702253e+00
-6.9619090241155190e-01,-3.9988065654985951e+00,-2.8092465262080135e+00,1.8015176726379043e+00
-7.1627486168007559e-01,-4.0347035179780226e+00,-2.8002166573538245e+00,1.8103513641060247e+00
-7.3653530540184575e-01,-4.0694012428949931e+00,-2.7911446904703836e+00,1.8183574016471802e+00
-7.5696623960383858e-01,-4.1029007472201569e+00,-2.7820347582372644e+00,1.8255381279722194e+00
-7.7756167901212137e-01,-4.1352044997164299e+00,-2.7728909791774079e+00,1.8318968599596015e+00
-7.9831565430965867e-01,-4.1663164098258747e+00,-2.7637174528363282e+00,1.8374378681857770e+00
-8.1922221927350125e-01,-4.1962418005786200e+00,-2.7545182550734788e+00,1.8421663525644312e+00
-8.4027545776219892e-01,-4.2249873758208318e+00,-2.7452974334846449e+00,1.8460884143329033e+00
-8.6146949052586852e-01,-4.2525611821003571e+00,-2.7360590029729681e+00,1.8492110246508671e+00
-8.8279848181313525e-01,-4.2789725655849606e+00,-2.7268069414848295e+00,1.8515419900991250e+00
-9.0425664575111786e-01,-4.3042321244188244e+00,-2.7175451859253292e+00,1.8530899153849809e+00
-9.2583825247672158e-01,-4.3283516569478531e+00,-2.7082776282665288e+00,1.8538641635749744e+00
-9.4753763399970381e-01,-4.3513441062633689e+00,-2.6990081118599911e+00,1.8538748141857904e+00
-9.6934918978026130e-01,-4.3732235015268852e+00,-2.6897404279634904e+00,1.8531326194699471e+00
-9.9126739200622072e-01,-4.3940048965460257e+00,-2.6804783124900671e+00,1.8516489592345424e+00
-1.0132867905572698e+00,-4.4137043060734555e+00,-2.6712254429859206e+00,1.8494357945291104e+00
-1.0354020176460217e+00,-4.4323386402972522e+00,-2.6619854358419643e+00,1.8465056205327490e+00
-1.0576077921280231e+00,-4.4499256379827976e+00,-2.6527618437422422e+00,1.8428714189614315e+00
-1.0798989234750918e+00,-4.4664837987134707e+00,-2.6435581533508250e+00,1.8385466103041557e+00
-1.1022703154085587e+00,-4.4820323146606196e+00,-2.6343777832373032e+00,1.8335450061816647e+00
-1.1247169691910983e+00,-4.4965910022929911e+00,-2.6252240820395674e+00,1.8278807621043001e+00
-1.1472339865778189e+00,-4.5101802344125144e+00,-2.6161003268612242e+00,1.8215683308864952e+00
-1.1698165724291585e+00,-4.5228208728776202e+00,-2.6070097218997708e+00,1.8146224169548952e+00
-1.1924600369898679e+00,-4.5345342023476345e+00,-2.5979553973005092e+00,1.8070579317654749e+00
-1.2151597978399593e+00,-4.5453418653527082e+00,-2.5889404082301670e+00,1.7988899505226910e+00
-1.2379113815249414e+00,-4.5552657989637746e+00,-2.5799677341632803e+00,1.7901336703710116e+00
-1.2607104248739645e+00,-4.5643281733065670e+00,-2.5710402783736002e+00,1.7808043702064196e+00
-1.2835526760156393e+00,-4.5725513321332247e+00,-2.5621608676221044e+00,1.7709173722330014e+00
-1.3064339951022841e+00,-4.5799577356348609e+00,-2.5533322520326216e+00,1.7604880053677596e+00
-1.3293503547542000e+00,-4.5865699056489815e+00,-2.5445571051456168e+00,1.7495315705755685e+00
-1.3522978402362709e+00,-4.5924103733871382e+00,-2.5358380241403289e+00,1.7380633081959067e+00
-1.3752726493797411e+00,-4.5975016297809148e+00,-2.5271775302151860e+00,1.7260983673038266e+00
-1.3982710922624531e+00,-4.6018660785185093e+00,-2.5185780691162645e+00,1.7136517771296778e+00
-1.4212895906611218e+00,-4.6055259918199143e+00,-2.5100420118034705e+00,1.7007384205454821e+00
-1.4443246772894116e+00,-4.6085034689761883e+00,-2.5015716552441272e+00,1.6873730096106418e+00
-1.4673729948356506e+00,-4.6108203976575863e+00,-2.4931692233237190e+00,1.6735700631558736e+00
-1.4904312948139988e+00,-4.6124984179764592e+00,-2.4848368678636832e+00,1.6593438863719210e+00
-1.5134964362427688e+00,-4.6135588892738575e+00,-2.4765766697363318e+00,1.6447085523587024e+00
-1.5365653841634057e+00,-4.6140228595836676e+00,-2.4683906400672346e+00,1.6296778855810627e+00
-1.5596352080133689e+00,-4.6139110377148187e+00,-2.4602807215156846e+00,1.6142654471691791e+00
-1.5827030798658301e+00,-4.6132437678806282e+00,-2.4522487896241909e+00,1.5984845219948680e+00
-1.6057662725487236e+00,-4.6120410067945556e+00,-2.4442966542283080e+00,1.5823481074494754e+00
-1.6288221576552597e+00,-4.6103223031434943e+00,-2.4364260609184845e+00,1.5658689038446387e+00
-1.6518682034575514e+00,-4.6081067793430943e+00,-2.4286386925460266e+00,1.5490593063538998e+00
-1.6749019727345120e+00,-4.6054131154744278e+00,-2.4209361707656814e+00,1.5319313984108329e+00
-1.6979211205246711e+00,-4.6022595352974198e+00,-2.4133200576077702e+00,1.5144969464779536e+00
-1.7209233918140217e+00,-4.5986637942338167e+00,-2.4057918570732384e+00,1.4967673961000891e+00
-1.7439066191684740e+00,-4.5946431692108778e+00,-2.3983530167454097e+00,1.4787538691560456e+00
-1.7668687203199487e+00,-4.5902144502564042e+00,-2.3910049294126745e+00,1.4604671622232028e+00
-1.7898076957145863e+00,-4.5853939337360057e+00,-2.3837489346967526e+00,1.4419177459710324e+00
-1.8127216260310177e+00,-4.5801974171245687e+00,-2.3765863206815965e+00,1.4231157655013793e+00
-1.8356086696760974e+00,-4.5746401952056335e+00,-2.3695183255384005e+00,1.4040710415556090e+00
-1.8584670602649769e+00,-4.5687370575946904e+00,-2.3625461391425757e+00,1.3847930725113187e+00
-1.8812951040918862e+00,-4.5625022874852208e+00,-2.3556709046789304e+00,1.3652910370941895e+00
-1.9040911775974863e+00,-4.5559496615194934e+00,-2.3488937202316613e+00,1.3455737977336499e+00
-1.9268537248381818e+00,-4.5490924506896766e+00,-2.3422156403561072e+00,1.3256499044942780e+00
-1.9495812549623164e+00,-4.5419434221786181e+00,-2.3356376776295469e+00,1.3055275995182434e+00
-1.9722723396977289e+00,-4.5345148420536168e+00,-2.3291608041786462e+00,1.2852148219175361e+00
-1.9949256108547300e+00,-4.5268184787306494e+00,-2.3227859531814459e+00,1.2647192130582086e+00
-2.0175397578481520e+00,-4.5188656071307163e+00,-2.3165140203420691e+00,1.2440481221823334e+00
-2.0401135252417459e+00,-4.5106670134542339e+00,-2.3103458653365898e+00,1.2232086123168355e+00
-2.0626457103178408e+00,-4.5022330005036411e+00,-2.3042823132287436e+00,1.2022074664217481e+00
-2.0851351606748390e+00,-4.4935733934886244e+00,-2.2983241558544005e+00,1.1810511937337682e+00
-2.1075807718548081e+00,-4.4846975462525167e+00,-2.2924721531739221e+00,1.1597460362642147e+00
-2.1299814850031269e+00,-4.4756143478625123e+00,-2.2867270345917277e+00,1.1382979754136167e+00
-2.1523362845618732e+00,-4.4663322295102974e+00,-2.2810895002425777e+00,1.1167127386681641e+00
-2.1746441959983778e+00,-4.4568591716735453e+00,-2.2755602222442377e+00,1.0949958063461356e+00
-2.1969042835701345e+00,-4.4472027114924400e+00,-2.2701398459163560e+00,1.0731524183651586e+00
-2.2191156481270342e+00,-4.4373699503189377e+00,-2.2648289909655128e+00,1.0511875810037783e+00
-2.2412774249516874e+00,-4.4273675613999020e+00,-2.2596282526365306e+00,1.0291060736332713e+00
-2.2633887816384162e+00,-4.4172017976584668e+00,-2.2545382028302470e+00,1.0069124553979818e+00
-2.2854489160113234e+00,-4.4068784995410866e+00,-2.2495593911880682e+00,9.8461107182464536e-01
-2.3074570540816919e+00,-4.3964031029006314e+00,-2.2446923461436832e+00,9.6220606134322273e-01
-2.3294124480448275e+00,-4.3857806468886462e+00,-2.2399375759424389e+00,9.3970136170368646e-01
-2.3513143743163298e+00,-4.3750157818324711e+00,-2.2352955696289243e+00,9.1710071627499190e-01
-2.3731621316076574e+00,-4.3641127770753512e+00,-2.2307667980033798e+00,8.9440768021412864e-01
-2.3949550390407568e+00,-4.3530755287599350e+00,-2.2263517145476115e+00,8.7162562649468533e-01
-2.4166924343014244e+00,-4.3419075675376684e+00,-2.2220507563211376e+00,8.4875775178578494e-01
-2.4383736718309925e+00,-4.3306120661885679e+00,-2.2178643448283353e+00,8.2580708217355836e-01
-2.4599981210558588e+00,-4.3191918471376765e+00,-2.2137928868573855e+00,8.0277647871852453e-01
-2.4815651646543078e+00,-4.3076493898562003e+00,-2.2098367752918602e+00,7.7966864284335113e-01
-2.5030741968600250e+00,-4.2959868381368764e+00,-2.2059963898958017e+00,7.5648612154647343e-01
-2.5245246218016519e+00,-4.2842060072345616e+00,-2.2022720980731840e+00,7.3323131243796746e-01
-2.5459158518776848e+00,-4.2723083908643495e+00,-2.1986642556026421e+00,7.0990646859490414e-01
-2.5672473061659931e+00,-4.2602951680507237e+00,-2.1951732073483878e+00,6.8651370323416561e-01
-2.5885184088671962e+00,-4.2481672098223608e+00,-2.1917992879482124e+00,6.6305499420138314e-01
-2.6097285877811145e+00,-4.2359250857481960e+00,-2.1885428224795209e+00,6.3953218827526781e-01
-2.6308772728154968e+00,-4.2235690703112763e+00,-2.1854041271042961e+00,6.1594700528715085e-01
-2.6519638945262014e+00,-4.2110991491177385e+00,-2.1823835096939330e+00,5.9230104205603962e-01
-2.6729878826880040e+00,-4.1985150249390113e+00,-2.1794812704348567e+00,5.6859577613992940e-01
-2.6939486648951938e+00,-4.1858161235859814e+00,-2.1766977024158463e+00,5.4483256940449354e-01
-2.7148456651911190e+00,-4.1730015996144818e+00,-2.1740330921979645e+00,5.2101267141061225e-01
-2.7356783027258338e+00,-4.1600703418619842e+00,-2.1714877203679999e+00,4.9713722262249810e-01
-2.7564459904410064e+00,-4.1470209788158439e+00,-2.1690618620763189e+00,4.7320725743843045e-01
-2.7771481337812487e+00,-4.1338518838138789e+00,-2.1667557875599988e+00,4.4922370704633552e-01
-2.7977841294310277e+00,-4.1205611800784174e+00,-2.1645697626521168e+00,4.2518740210663797e-01
-2.8183533640763341e+00,-4.1071467455852773e+00,-2.1625040492780538e+00,4.0109907526497329e-01
-2.8388552131902851e+00,-4.0936062177694170e+00,-2.1605589059396522e+00,3.7695936349748455e-01
-2.8592890398418502e+00,-4.0799369980692486e+00,-2.1587345881880626e+00,3.5276881029154145e-01
-2.8796541935268984e+00,-4.0661362563117942e+00,-2.1570313490860933e+00,3.2852786766481185e-01
-2.8999500090207779e+00,-4.0522009349410659e+00,-2.1554494396608579e+00,3.0423689802568898e-01
-2.9201758052516484e+00,-4.0381277530921738e+00,-2.1539891093475170e+00,2.7989617587813753e-01
-2.9403308841938043e+00,-4.0239132105138182e+00,-2.1526506064248725e+00,2.5550588937406354e-01
-2.9604145297802358e+00,-4.0095535913419065e+00,-2.1514341784435818e+00,2.3106614171634696e-01
-2.9804260068336910e+00,-3.9950449677271251e+00,-2.1503400726477180e+00,2.0657695241569596e-01
-3.0003645600155164e+00,-3.9803832033193811e+00,-2.1493685363904076e+00,1.8203825840449583e-01
-3.0202294127915672e+00,-3.9655639566120628e+00,-2.1485198175442477e+00,1.5744991501083058e-01
-3.0400197664144932e+00,-3.9505826841491327e+00,-2.1477941649071992e+00,1.3281169679585600e-01
-3.0597347989217241e+00,-3.9354346435980978e+00,-2.1471918286046261e+00,1.0812329825769929e-01
-3.0793736641484908e+00,-3.9201148966919339e+00,-2.1467130604881417e+00,8.3384334405053342e-02
-3.0989354907552329e+00,-3.9046183120430777e+00,-2.1463581145319086e+00,5.8594341203626069e-02
-3.1184193812687639e+00,-3.8889395678326144e+00,-2.1461272472270148e+00,3.3752775898596675e-02
-3.1378244111365765e+00,-3.8730731543778334e+00,-2.1460207179745439e+00,8.8590172162236538e-03
-3.1571496277936872e+00,-3.8570133765813455e+00,-2.1460387894779283e+00,-1.6087634552255970e-02
-3.1763940497414369e+00,-3.8407543562649948e+00,-2.1461817281351765e+00,-4.1087957581298240e-02
-3.1955566656376804e+00,-3.8242900343918462e+00,-2.1464498044315290e+00,-6.6142808653153931e-02
-3.2146364333978119e+00,-3.8076141731795765e+00,-2.1468432933330979e+00,-9.1253123408250841e-02
-3.2336322793060934e+00,-3.7907203581086706e+00,-2.1473624746820228e+00,-1.1641991670069177e-01
-3.2525430971367668e+00,-3.7736019998288954e+00,-2.1480076335936591e+00,-1.4164428305567917e-01
-3.2713677472844545e+00,-3.7562523359676248e+00,-2.1487790608563042e+00,-1.6692739722564418e-01
-3.2901050559033593e+00,-3.7386644328436986e+00,-2.1496770533339387e+00,-1.9227051484181371e-01
-3.3087538140548096e+00,-3.7208311870906390e+00,-2.1507019143724646e+00,-2.1767497315789189e-01
-3.3273127768626996e+00,-3.7027453271931972e+00,-2.1518539542098782e+00,-2.4314219188246280e-01
-3.3457806626764039e+00,-3.6843994149413986e+00,-2.1531334903908199e+00,-2.6867367409663456e-01
-3.3641561522407688e+00,-3.6657858468064566e+00,-2.1545408481859258e+00,-2.9427100725334243e-01
-3.3824378878727916e+00,-3.6468968552431806e+00,-2.1560763610163587e+00,-3.1993586425460668e-01
-3.4006244726446444e+00,-3.6277245099237811e+00,-2.1577403708839249e+00,-3.4567000460289710e-01
-3.4187144695727025e+00,-3.6082607189082929e+00,-2.1595332288071152e+00,-3.7147527562259092e-01
-3.4367064008122790e+00,-3.5884972297572055e+00,-2.1614552952634245e+00,-3.9735361374731865e-01
-3.4545987468577923e+00,-3.5684256305922935e+00,-2.1635069406382623e+00,-4.2330704586877266e-01
-3.4723899457481191e+00,-3.5480373511121068e+00,-2.1656885456807498e+00,-4.4933769074230306e-01
-3.4900783922769292e+00,-3.5273236635690917e+00,-2.1680005019666773e+00,-4.7544776044434084e-01
-3.5076624372078240e+00,-3.5062756837158893e+00,-2.1704432123688679e+00,-5.0163956187636738e-01
-3.5251403864941477e+00,-3.4848843717290099e+00,-2.1730170915351614e+00,-5.2791549830978668e-01
-3.5425105005033783e+00,-3.4631405331187843e+00,-2.1757225663742172e+00,-5.5427807096565040e-01
-3.5597709932460559e+00,-3.4410348196352967e+00,-2.1785600765492870e+00,-5.8072988062273145e-01
-3.5769200316092533e+00,-3.4185577301808725e+00,-2.1815300749800794e+00,-6.0727362924693018e-01
-3.5939557345946485e+00,-3.3956996117406750e+00,-2.1846330283528186e+00,-6.3391212163443411e-01
-3.6108761725613241e+00,-3.3724506603440241e+00,-2.1878694176385221e+00,-6.6064826706041679e-01
-3.6276793664734788e+00,-3.3488009220702435e+00,-2.1912397386195313e+00,-6.8748508092436311e-01
-3.6443632871533116e+00,-3.3247402941141262e+00,-2.1947445024242285e+00,-7.1442568638232895e-01
-3.6609258545394190e+00,-3.3002585259275508e+00,-2.1983842360698640e+00,-7.4147331595558319e-01
-3.6773649369511281e+00,-3.2753452204553328e+00,-2.2021594830133457e+00,-7.6863131310412580e-01
-3.6936783503592872e+00,-3.2499898354851267e+00,-2.2060708037097747e+00,-7.9590313375252519e-01
-3.7098638576641383e+00,-3.2241816851330629e+00,-2.2101187761784695e+00,-8.2329234775435700e-01
-3.7259191679810093e+00,-3.1979099414888759e+00,-2.2143039965761186e+00,-8.5080264028024544e-01
-3.7418419359346826e+00,-3.1711636364465212e+00,-2.2186270797766561e+00,-8.7843781311310221e-01
-3.7576297609634466e+00,-3.1439316637487464e+00,-2.2230886599573338e+00,-9.0620178583260691e-01
-3.7732801866339685e+00,-3.1162027812767628e+00,-2.2276893911904061e+00,-9.3409859686927210e-01
-3.7887906999683025e+00,-3.0879656136190929e+00,-2.2324299480397025e+00,-9.6213240440656689e-01
-3.8041587307845210e+00,-3.0592086549568638e+00,-2.2373110261612927e+00,-9.9030748710752392e-01
-3.8193816510526521e+00,-3.0299202723062879e+00,-2.2423333429072798e+00,-1.0186282446400106e+00
-3.8344567742678151e+00,-3.0000887091628532e+00,-2.2474976379316622e+00,-1.0470991979723860e+00
-3.8493813548426896e+00,-2.9697020895958559e+00,-2.2528046737970326e+00,-1.0757249894085816e+00
-3.8641525875216973e+00,-2.9387484228463703e+00,-2.2582552365807249e+00,-1.1045103823287024e+00
-3.8787676068195540e+00,-2.9072156084865868e+00,-2.2638501364788510e+00,-1.1334602605980475e+00
-3.8932234864871629e+00,-2.8750914422037055e+00,-2.2695902084064699e+00,-1.1625796276039533e+00
-3.9075172390081332e+00,-2.8423636222772450e+00,-2.2754763125919100e+00,-1.1918736048760583e+00
-3.9216458151295837e+00,-2.8090197568247737e+00,-2.2815093351630473e+00,-1.2213474302414566e+00
-3.9356061034312715e+00,-2.7750473718977093e+00,-2.2876901887230878e+00,-1.2510064554617084e+00
-3.9493949299375171e+00,-2.7404339205159909e+00,-2.2940198129131106e+00,-1.2808561432938057e+00
-3.9630090577768575e+00,-2.7051667927381398e+00,-2.3004991749583419e+00,-1.3109020639119100e+00
-3.9764451868948676e+00,-2.6692333268715234e+00,-2.3071292701947921e+00,-1.3411498906209660e+00
-3.9896999538261264e+00,-2.6326208219365475e+00,-2.3139111225725282e+00,-1.3716053947871349e+00
-4.0027699315319074e+00,-2.5953165515080450e+00,-2.3208457851314646e+00,-1.4022744399033384e+00
-4.0156516293108089e+00,-2.5573077790673473e+00,-2.3279343404451298e+00,-1.4331629747010670e+00
-4.0283414927902328e+00,-2.5185817750094204e+00,-2.3351779010273996e+00,-1.4642770252119284e+00
-4.0408359040073725e+00,-2.4791258354610504e+00,-2.3425776096966864e+00,-1.4956226856742090e+00
-4.0531311815891913e+00,-2.4389273030783740e+00,-2.3501346398915288e+00,-1.5272061081709543e+00
-4.0652235810417228e+00,-2.3979735900050780e+00,-2.3578501959309386e+00,-1.5590334908767471e+00
-4.0771092951599899e+00,-2.3562522031863242e+00,-2.3657255132122130e+00,-1.5911110647804740e+00
-4.0887844545708401e+00,-2.3137507722478690e+00,-2.3737618583382467e+00,-1.6234450787409149e+00
-4.1002451284220740e+00,-2.2704570801649138e+00,-2.3819605291656174e+00,-1.6560417827210068e+00
-4.1114873252324164e+00,-2.2263590969608615e+00,-2.3903228547639328e+00,-1.6889074090351224e+00
-4.1225069939181109e+00,-2.1814450166923196e+00,-2.3988501952760632e+00,-1.7220481514317485e+00
-4.1333000250132539e+00,-2.1357032979932300e+00,-2.4075439416679640e+00,-1.7554701418215817e+00
-4.1438622521023749e+00,-2.0891227084678219e+00,-2.4164055153558150e+00,-1.7891794244483923e+00
-4.1541894534852748e+00,-2.0416923732389387e+00,-2.4254363676971513e+00,-1.8231819272871588e+00
-4.1642773540956988e+00,-1.9934018279750048e+00,-2.4346379793315602e+00,-1.8574834304410781e+00
-4.1741216276970814e+00,-1.9442410767351432e+00,-2.4440118593553342e+00,-1.8920895312963342e+00
-4.1837178993803459e+00,-1.8942006549874049e+00,-2.4535595443132423e+00,-1.9270056061811693e+00
-4.1930617483905310e+00,-1.8432716981692749e+00,-2.4632825969892806e+00,-1.9622367682641579e+00
-4.2021487113109171e+00,-1.7914460161720973e+00,-2.4731826049769072e+00,-1.9977878214159792e+00
-4.2109742856352499e+00,-1.7387161741411676e+00,-2.4832611790078758e+00,-2.0336632097498515e+00
-4.2195339337606308e+00,-1.6850755799902859e+00,-2.4935199510173240e+00,-2.0698669625486237e+00
-4.2278230874356568e+00,-1.6305185790326910e+00,-2.5039605719213149e+00,-2.1064026342819266e+00
-4.2358371527004017e+00,-1.5750405561285337e+00,-2.5145847090815296e+00,-2.1432732394154508e+00
-4.2435715153567957e+00,-1.5186380457412718e+00,-2.5253940434303326e+00,-2.1804811817171519e+00
-4.2510215470099144e+00,-1.4613088502802900e+00,-2.5363902662279703e+00,-2.2180281777729212e+00
-4.2581826117224972e+00,-1.4030521670832088e+00,-2.5475750754222570e+00,-2.2559151744380377e+00
-4.2650500733267114e+00,-1.3438687243571146e+00,-2.5589501715797831e+00,-2.2941422599717556e+00
-4.2716193034386603e+00,-1.2837609263514798e+00,-2.5705172533564919e+00,-2.3327085686319911e+00
-4.2778856902223472e+00,-1.2227330079748555e+00,-2.5822780124744447e+00,-2.3716121785467448e+00
-4.2838446479506977e+00,-1.1607911989903170e+00,-2.5942341281708070e+00,-2.4108500027302537e+00
-4.2894916274116559e+00,-1.0979438978287794e+00,-2.6063872610845840e+00,-2.4504176731766178e+00
-4.2948221272073113e+00,-1.0342018549422036e+00,-2.6187390465464864e+00,-2.4903094180436991e+00
-4.2998317059932596e+00,-9.6957836547782317e-01,-2.6312910872376163e+00,-2.5305179320372999e+00
-4.3045159957039063e+00,-9.0408947088725200e-01,-2.6440449451834902e+00,-2.5710342402220214e+00
-4.3088707158070063e+00,-8.3775416888815313e-01,-2.6570021330513875e+00,-2.6118475556226444e+00
-4.3128916886272739e+00,-7.7059463096871506e-01,-2.6701641047212235e+00,-2.6529451311402288e+00
-4.3165748557741868e+00,-7.0263642636443258e-01,-2.6835322451032209e+00,-2.6943121064919735e+00
-4.3199162957030568e+00,-6.3390875114107448e-01,-2.6971078591797180e+00,-2.7359313510944823e+00
-4.3229122424307684e+00,-5.6444466068634147e-01,-2.7108921602536284e+00,-2.7777833040472206e+00
-4.3255591054182023e+00,-4.9428130354564020e-01,-2.7248862573925114e+00,-2.8198458126367201e+00
-4.3278534906200434e+00,-4.2346015413586469e-01,-2.7390911420650208e+00,-2.8620939710716859e+00
-4.3297922226892664e+00,-3.5202724143785952e-01,-2.7535076739758377e+00,-2.9044999614727058e+00
-4.3313723683079548e+00,-2.8003337030795944e-01,-2.7681365661161346e+00,-2.9470328994744506e+00
-4.3325912605981012e+00,-2.0753433156847206e-01,-2.7829783690592822e+00,-2.9896586871481889e+00
-4.3334465245456206e+00,-1.3459109654555013e-01,-2.7980334545459491e+00,-3.0323398763113092e+00
-4.3339361033479067e+00,-6.1269991232804702e-02,-2.8133019984189800e+00,-3.0750355456493739e+00
-4.3340582855699630e+00,1.2357155214432536e-02,-2.8287839629864386e+00,-3.1177011954237575e+00
-4.3338117329665398e+00,8.6212893387469819e-02,-2.8444790789108962e+00,-3.1602886638603516e+00
-4.3331955087980676e+00,1.6021407404950760e-01,-2.8603868267442412e+00,-3.2027460695958934e+00
-4.3322091064368227e+00,2.3427181249080414e-01,-2.8765064182497557e+00,-3.2450177847795532e+00
-4.3308524780271540e+00,3.0829150341547029e-01,-2.8928367776765769e+00,-3.2870444435677530e+00
-4.3291260629304364e+00,3.8217289301037216e-01,-2.9093765231754900e+00,-3.3287629907874980e+00
-4.3270308156523747e+00,4.5581021472453442e-01,-2.9261239485687116e+00,-3.3701067754546647e+00
-4.3245682329183790e+00,5.2909239496390703e-01,-2.9430770057092102e+00,-3.4110056935958895e+00
-4.3217403795330034e+00,6.0190333435286503e-01,-2.9602332876864126e+00,-3.4513863844145964e+00
-4.3185499126330962e+00,6.7412226940597209e-01,-2.9775900131539221e+00,-3.4911724832452089e+00
-4.3150001039227108e+00,7.4562421837347459e-01,-2.9951440120701682e+00,-3.5302849339414601e+00
-4.3110948594622949e+00,8.1628051366284171e-01,-3.0128917131537070e+00,-3.5686423623386347e+00
-4.3068387365766929e+00,8.8595942159912022e-01,-3.0308291333601187e+00,-3.6061615112179588e+00
-4.3022369574473398e+00,9.5452684838549318e-01,-3.0489518696861424e+00,-3.6427577357971948e+00
-4.2972954189649961e+00,1.0218471289945590e+00,-3.0672550935979239e+00,-3.6783455571997146e+00
-4.2920206984414584e+00,1.0877838934097690e+00,-3.0857335483632893e+00,-3.7128392696527150e+00
-4.2864200548126377e+00,1.1522010022116040e+00,-3.1043815495422549e+00,-3.7461535953844725e+00
-4.2805014250115985e+00,1.2149635410470054e+00,-3.1231929888553238e+00,-3.7782043793934736e+00
-4.2742734152485040e+00,1.2759388611296099e+00,3.1410239655740084e+00,-3.8089093145218760e+00
-4.2677452870043329e+00,1.3349976506986669e+00,3.1219056294009455e+00,-3.8381886856623351e+00
-4.2609269376255865e+00,1.3920150204270330e+00,3.1026446302944173e+00,-3.8659661205441211e+00
-4.2538288542675380e+00,1.4468800726171827e+00,3.0832486500314609e+00,-3.8921735724846438e+00
-4.2464620594553253e+00,1.4994896834105331e+00,3.0637256973453901e+00,-3.9167483942675596e+00
-4.2388380725605233e+00,1.5497483530731679e+00,3.0440840806738869e+00,-3.9396334314648072e+00
-4.2309688698716235e+00,1.5975689156996475e+00,3.0243323794068502e+00,-3.9607775274244252e+00
-4.2228668410011458e+00,1.6428732925748073e+00,3.0044794126052334e+00,-3.9801360282414495e+00
-4.2145447416872672e+00,1.6855931790466547e+00,2.9845342053377006e+00,-3.9976712292591827e+00
-4.2060156434372065e+00,1.7256706194217992e+00,2.9645059529919244e+00,-4.0133527376403997e+00
-4.1972928806023875e+00,1.7630584583033035e+00,2.9444039840006049e+00,-4.0271577431950050e+00
-4.1883899955254362e+00,1.7977206599807560e+00,2.9242377214554658e+00,-4.0390711920410851e+00
-4.1793206824325981e+00,1.8296324908680148e+00,2.9040166441032653e+00,-4.0490858602138511e+00
-4.1700987307616444e+00,1.8587805633972700e+00,2.8837502472258851e+00,-4.0572023269011037e+00
-4.1607379686146944e+00,1.8851627431897322e+00,2.8634480039017447e+00,-4.0634288495221673e+00
-4.1512522070079871e+00,1.9087879245941293e+00,2.8431193271286013e+00,-4.0677811452741999e+00
-4.1416551855575188e+00,1.9296756826859534e+00,2.8227735332591095e+00,-4.0702820859495876e+00
-4.1319605201922460e+00,1.9478558124432930e+00,2.8024198071616464e+00,-4.0709613147002113e+00
-4.1221816534273596e+00,1.9633677679736907e+00,2.7820671694716221e+00,-4.0698547949277160e+00
-4.1123318076614632e+00,1.9762600163032316e+00,2.7617244462446848e+00,-4.0670043025745493e+00
-4.1024239418859745e+00,1.9865893213258152e+00,2.7414002412650067e+00,-4.0624568737622671e+00
-4.0924707121155359e+00,1.9944199740476307e+00,2.7211029112013065e+00,-4.0562642199772316e+00
-4.0824844357673280e+00,1.9998229852755198e+00,2.7008405437424976e+00,-4.0484821228646890e+00
-4.0724770601374161e+00,2.0028752564362744e+00,2.6806209387856210e+00,-4.0391698202018187e+00
-4.0624601350458898e+00,2.0036587433417363e+00,2.6604515926927679e+00,-4.0283893938322635e+00
-4.0524447896513953e+00,2.0022596265077852e+00,2.6403396855822852e+00,-4.0162051693200054e+00
-4.0424417133712129e+00,1.9987675001754550e+00,2.6202920715737044e+00,-4.0026831358836699e+00
-4.0324611407863404e+00,1.9932745905515468e+00,2.6003152718662896e+00,-3.9878903938672097e+00
-4.0225128403627677e+00,1.9858750120623918e+00,2.5804154704982096e+00,-3.9718946356492433e+00
-4.0126061067805461e+00,1.9766640686687993e+00,2.5605985126072284e+00,-3.9547636645445317e+00
-4.0027497566313297e+00,1.9657376055839046e+00,2.5408699049943202e+00,-3.9365649549523218e+00
-3.9929521272224662e+00,1.9531914151187342e+00,2.5212348187784315e+00,-3.9173652557937646e+00
-3.9832210782108706e+00,1.9391206988913019e+00,2.5016980939232134e+00,-3.8972302381811073e+00
-3.9735639957821642e+00,1.9236195873010389e+00,2.4822642454142905e+00,-3.8762241872927912e+00
-3.9639877990890233e+00,1.9067807160078372e+00,2.4629374708679350e+00,-3.8544097376006574e+00
-3.9544989486665303e+00,1.8886948581711704e+00,2.4437216593580047e+00,-3.8318476499108467e+00
-3.9451034565506289e+00,1.8694506103989394e+00,2.4246204012571653e+00,-3.8085966281355077e+00
-3.9358068978376832e+00,1.8491341297209787e+00,2.4056369988998600e+00,-3.7847131733003874e+00
-3.9266144234378282e+00,1.8278289184268719e+00,2.3867744778877782e+00,-3.7602514720027638e+00
-3.9175307737914635e+00,1.8056156532769696e+00,2.3680355988729662e+00,-3.7352633163518743e+00
-3.9085602933362611e+00,1.7825720553924078e+00,2.3494228696688388e+00,-3.7097980523356653e+00
-3.8997069455307960e+00,1.7587727970367455e+00,2.3309385575546493e+00,-3.6839025535487275e+00
-3.8909743282598694e+00,1.7342894415008216e+00,2.3125847016542149e+00,-3.6576212172723888e+00
-3.8823656894653835e+00,1.7091904123765451e+00,2.2943631252844625e+00,-3.6309959800055966e+00
-3.8738839428648708e+00,1.6835409886386654e+00,2.2762754481834993e+00,-3.6040663496920877e+00
-3.8655316836372595e+00,1.6574033221317528e+00,2.2583230985412968e+00,-3.5768694520644106e+00
-3.8573112039719422e+00,1.6308364742699077e+00,2.2405073247684388e+00,-3.5494400887190425e+00
-3.8492245083926053e+00,1.6038964689881412e+00,2.2228292069498323e+00,-3.5218108047410404e+00
-3.8412733287814746e+00,1.5766363592276424e+00,2.2052896679406757e+00,-3.4940119639046587e+00
-3.8334591390425943e+00,1.5491063044846509e+00,2.1878894840712846e+00,-3.4660718296827588e+00
-3.8257831693544921e+00,1.5213536571982265e+00,2.1706292954357540e+00,-3.4380166504984255e+00
-3.8182464199731041e+00,1.4934230559911073e+00,2.1535096157467457e+00,-3.4098707478438168e+00
-3.8108496745551794e+00,1.4653565240064474e+00,2.1365308417451363e+00,-3.3816566060716706e+00
-3.8035935129806293e+00,1.4371935707989953e+00,2.1196932621587781e+00,-3.3533949628325694e+00
-3.7964783236594748e+00,1.4089712964404721e+00,2.1029970662093938e+00,-3.3251048992851762e+00
-3.7895043153152823e+00,1.3807244966845809e+00,2.0864423516706267e+00,-3.2968039293468583e+00
-3.7826715282423149e+00,1.3524857682067597e+00,2.0700291324835955e+00,-3.2685080873784620e+00
-3.7759798450381581e+00,1.3242856130875560e+00,2.0537573459390597e+00,-3.2402320138098606e+00
-3.7694290008173867e+00,1.2961525418466919e+00,2.0376268594375144e+00,-3.2119890383128600e+00
-3.7630185929149844e+00,1.2681131744581693e+00,2.0216374768402652e+00,-3.1837912602158589e+00
-3.7567480900907992e+00,1.2401923388859259e+00,2.0057889444258734e+00,-3.1556496259311673e+00
-3.7506168412483802e+00,1.2124131667755458e+00,1.9900809564673398e+00,-3.1275740032320112e+00
-3.7446240836831346e+00,1.1847971860213415e+00,1.9745131604460564e+00,-3.0995732522728936e+00
-3.7387689508759823e+00,1.1573644100008025e+00,1.9590851619189742e+00,-3.0716552932950845e+00
-3.7330504798495436e+00,1.1301334233309499e+00,1.9437965290556090e+00,-3.0438271709994544e+00
-3.7274676181045039e+00,1.1031214640545843e+00,1.9286467968615337e+00,-3.0160951156025009e+00
-3.7220192301541299e+00,1.0763445022096847e+00,1.9136354711048167e+00,-2.9884646006190461e+00
-3.7167041036750565e+00,1.0498173147732546e+00,1.8987620319616347e+00,-2.9609403974374455e+00
-3.7115209552924200e+00,1.0235535570025198e+00,1.8840259373968795e+00,-2.9335266267709210e+00
-3.7064684360172371e+00,9.9756583022237899e-01,1.8694266262951391e+00,-2.9062268070824353e+00
-3.7015451363536256e+00,9.7186574612907417e-01,1.8549635213569182e+00,-2.8790439000909274e+00
-3.6967495910930723e+00,9.4646398769684603e-01,1.8406360317744053e+00,-2.8519803534742114e+00
-3.6920802838124840e+00,9.2137036678744644e-01,1.8264435557004930e+00,-2.8250381408888652e+00
-3.6875356510922352e+00,8.9659387857231554e-01,1.8123854825241743e+00,-2.7982187994303862e+00
-3.6831140864698537e+00,8.7214275288446197e-01,1.7984611949647782e+00,-2.7715234646581210e+00
-3.6788139441443923e+00,8.4802450262201712e-01,1.7846700709969276e+00,-2.7449529033092732e+00
-3.6746335424459140e+00,8.2424596932843375e-01,1.7710114856174499e+00,-2.7185075438249404e+00
-3.6705711670838865e+00,8.0081336607568143e-01,1.7574848124648952e+00,-2.6921875048088406e+00
-3.6666250741876585e+00,7.7773231777683005e-01,1.7440894253016737e+00,-2.6659926215363603e+00
-3.6627934931515482e+00,7.5500789905335375e-01,1.7308246993683003e+00,-2.6399224706279538e+00
-3.6590746292964678e+00,7.3264466978053144e-01,1.7176900126186361e+00,-2.6139763929969040e+00
-3.6554666663593798e+00,7.1064670843165556e-01,1.7046847468444755e+00,-2.5881535151771127e+00
-3.6519677688213017e+00,6.8901764333853055e-01,1.6918082886973522e+00,-2.5624527691320522e+00
-3.6485760840839876e+00,6.6776068198208527e-01,1.6790600306148864e+00,-2.5368729106413408e+00
-3.6452897445048578e+00,6.4687863842294868e-01,1.6664393716585693e+00,-2.5114125363566879e+00
-3.6421068692992122e+00,6.2637395897763626e-01,1.6539457182694122e+00,-2.4860700996142424e+00
-3.6390255663182409e+00,6.0624874624164882e-01,1.6415784849474724e+00,-2.4608439250857082e+00
-3.6360439337108539e+00,5.8650478155636010e-01,1.6293370948608619e+00,-2.4357322223460161e+00
-3.6331600614768771e+00,5.6714354601211525e-01,1.6172209803894750e+00,-2.4107330984308790e+00
-3.6303720329187135e+00,5.4816624007553050e-01,1.6052295836083115e+00,-2.3858445694532291e+00
-3.6276779259981304e+00,5.2957380192460368e-01,1.5933623567149260e+00,-2.3610645713433702e+00
-3.6250758146044424e+00,5.1136692457095301e-01,1.5816187624052489e+00,-2.3363909697736722e+00
-3.6225637697399566e+00,4.9354607184430799e-01,1.5699982742016960e+00,-2.3118215693248065e+00
-3.6201398606281932e+00,4.7611149331031666e-01,1.5585003767372339e+00,-2.2873541219468683e+00
-3.6178021557500442e+00,4.5906323818879996e-01,1.5471245659987964e+00,-2.2629863347652655e+00
-3.6155487238127071e+00,4.4240116833580567e-01,1.5358703495332087e+00,-2.2387158772779623e+00
-3.6133776346559254e+00,4.2612497034918201e-01,1.5247372466185594e+00,-2.2145403879875554e+00
-3.6112869600997728e+00,4.1023416685391922e-01,1.5137247884037350e+00,-2.1904574805087251e+00
-3.6092747747379517e+00,3.9472812702018983e-01,1.5028325180186517e+00,-2.1664647491888367e+00
-3.6073391566803150e+00,3.7960607636385912e-01,1.4920599906575234e+00,-2.1425597742768696e+00
-3.6054781882480813e+00,3.6486710587623505e-01,1.4814067736373477e+00,-2.1187401266734081e+00
-3.6036899566249838e+00,3.5051018052697430e-01,1.4708724464336216e+00,-2.0950033722921382e+00
-3.6019725544673875e+00,3.3653414718136010e-01,1.4604566006951618e+00,-2.0713470760611568e+00
-3.6003240804762005e+00,3.2293774197060932e-01,1.4501588402397649e+00,-2.0477688055903873e+00
-3.5987426399332247e+00,3.0971959715144898e-01,1.4399787810323081e+00,-2.0242661345295350e+00
-3.5972263452044140e+00,2.9687824748891861e-01,1.4299160511467903e+00,-2.0008366456392546e+00
-3.5957733162123429e+00,2.8441213619419925e-01,1.4199702907136844e+00,-1.9774779335965931e+00
-3.5943816808800340e+00,2.7231962044723923e-01,1.4101411518538907e+00,-1.9541876075542353e+00
-3.5930495755481529e+00,2.6059897653203190e-01,1.4004282986004641e+00,-1.9309632934716834e+00
-3.5917751453674369e+00,2.4924840461059786e-01,1.3908314068092258e+00,-1.9078026362351836e+00
-3.5905565446681078e+00,2.3826603316002662e-01,1.3813501640592643e+00,-1.8847033015819965e+00
-3.5893919373078904e+00,2.2764992309533780e-01,1.3719842695442770e+00,-1.8616629778434737e+00
-3.5882794970001592e+00,2.1739807159941846e-01,1.3627334339556167e+00,-1.8386793775203609e+00
-3.5872174076236227e+00,2.0750841567988304e-01,1.3535973793578613e+00,-1.8157502387027662e+00
-3.5862038635148674e+00,1.9797883547137396e-01,1.3445758390576357e+00,-1.7928733263463381e+00
-3.5852370697449896e+00,1.8880715730057415e-01,1.3356685574664020e+00,-1.7700464334153621e+00
-3.5843152423814595e+00,1.7999115653003062e-01,1.3268752899578349e+00,-1.7472673819027098e+00
-3.5834366087362888e+00,1.7152856019578600e-01,1.3181958027203917e+00,-1.7245340237358671e+00
-3.5825994076014922e+00,1.6341704945278082e-01,1.3096298726056155e+00,-1.7018442415776016e+00
-3.5818018894727772e+00,1.5565426184101594e-01,1.3011772869726812e+00,-1.6791959495292281e+00
-3.5810423167623231e+00,1.4823779338455140e-01,1.2928378435296555e+00,-1.6565870937438616e+00
-3.5803189640014597e+00,1.4116520053455947e-01,1.2846113501718959e+00,-1.6340156529565357e+00
-3.5796301180339967e+00,1.3443400196684269e-01,1.2764976248179991e+00,-1.6114796389375821e+00
-3.5789740782009081e+00,1.2804168024347029e-01,1.2684964952436539e+00,-1.5889770968752261e+00
-3.5783491565170298e+00,1.2198568334747459e-01,1.2606077989137541e+00,-1.5665061056929517e+00
-3.5777536778403820e+00,1.1626342609887959e-01,1.2528313828130706e+00,-1.5440647783068111e+00
-3.5771859800346903e+00,1.1087229145970630e-01,1.2451671032757785e+00,-1.5216512618275135e+00
-3.5766444141256457e+00,1.0580963173500915e-01,1.2376148258141022e+00,-1.4992637377118081e+00
-3.5761273444514043e+00,1.0107276967644353e-01,1.2301744249463216e+00,-1.4769004218673889e+00
-3.5756331488077979e+00,9.6658999494344644e-02,1.2228457840243587e+00,-1.4545595647152780e+00
-3.5751602185887026e+00,9.2565587783809522e-02,1.2156287950611544e+00,-1.4322394512133980e+00
-3.5747069589219795e+00,8.8789774369815971e-02,1.2085233585580140e+00,-1.4099384008448190e+00
-3.5742717888013837e+00,8.5328773075983105e-02,1.2015293833320921e+00,-1.3876547675739539e+00
-3.5738531412148085e+00,8.2179772421175509e-02,1.1946467863441752e+00,-1.3653869397737866e+00
-3.5734494632692195e+00,7.9339936247776369e-02,1.1878754925268860e+00,-1.3431333401270358e+00
-3.5730592163126103e+00,7.6806404285102742e-02,1.1812154346134474e+00,-1.3208924255039987e+00
-3.5726808760532962e+00,7.4576292651106504e-02,1.1746665529671070e+00,-1.2986626868196607e+00
-3.5723129326768470e+00,7.2646694295197503e-02,1.1682287954113253e+00,-1.2764426488725229e+00
-3.5719538909609465e+00,7.1014679384738974e-02,1.1619021170608059e+00,-1.2542308701674643e+00
-3.5716022703884565e+00,6.9677295637499082e-02,1.1556864801534514e+00,-1.2320259427248368e+00
-3.5712566052589469e+00,6.8631568602095128e-02,1.1495818538832996e+00,-1.2098264918778763e+00
-3.5709154447989513e+00,6.7874501888238278e-02,1.1435882142344989e+00,-1.1876311760604061e+00
-3.5705773532711920e+00,6.7403077348375307e-02,1.1377055438163675e+00,-1.1654386865867121e+00
-3.5702409100830144e+00,6.7214255212129162e-02,1.1319338316995653e+00,-1.1432477474253693e+00
-3.5699047098942667e+00,6.7304974174762291e-02,1.1262730732534099e+00,-1.1210571149687143e+00
-3.5695673627248472e+00,6.7672151440723610e-02,1.1207232699843530e+00,-1.0988655777995691e+00
-3.5692274940621447e+00,6.8312682723192505e-02,1.1152844293756257e+00,-1.0766719564567397e+00
-3.5688837449685895e+00,6.9223442200399915e-02,1.1099565647280567e+00,-1.0544751032007358e+00
-3.5685347721895297e+00,7.0401282429387466e-02,1.1047396950020554e+00,-1.0322739017810751e+00
-3.5681792482616426e+00,7.1843034217759630e-02,1.0996338446607590e+00,-1.0100672672064674e+00
-3.5678158616220910e+00,7.3545506453891338e-02,1.0946390435143094e+00,-9.8785414551909012e-01
-3.5674433167186339e+00,7.5505485895973196e-02,1.0897553265652542e+00,-9.6563351357410276e-01
-3.5670603341208911e+00,7.7719736920208726e-02,1.0849827338550275e+00,-9.4340437882546802e-01
-3.5666656506329684e+00,8.0185001228421648e-02,1.0803213103114890e+00,-9.2116577911907782e-01
-3.5662580194076487e+00,8.2897997515286800e-02,1.0757711055974744e+00,-8.9891678249410789e-01
-3.5658362100623440e+00,8.5855421095364329e-02,1.0713321739603163e+00,-8.7665648699345256e-01
-3.5653990087970140e+00,8.9053943490093920e-02,1.0670045740822918e+00,-8.5438402048401585e-01
-3.5649452185142492e+00,9.2490211974893211e-02,1.0627883689319351e+00,-8.3209854048756160e-01
-3.5644736589417172e+00,9.6160849086501618e-02,1.0586836256161760e+00,-8.0979923402274767e-01
-3.5639831667571733e+00,1.0006245209071793e-01,1.0546904152332344e+00,-7.8748531745889372e-01
-3.5634725957162288e+00,1.0419159241069600e-01,1.0508088127262161e+00,-7.6515603638195184e-01
-3.5629408167830765e+00,1.0854481501598805e-01,1.0470388967373481e+00,-7.4281066547307062e-01
-3.5623867182643698e+00,1.1311863777255879e-01,1.0433807494627878e+00,-7.2044850840006081e-01
-3.5618092059464486e+00,1.1790955075403542e-01,1.0398344565079416e+00,-6.9806889772198844e-01
-3.5612072032361035e+00,1.2291401551450834e-01,1.0364001067432298e+00,-6.7567119480703552e-01
-3.5605796513050731e+00,1.2812846432325461e-01,1.0330777921602241e+00,-6.5325478976368301e-01
-3.5599255092384623e+00,1.3354929936182075e-01,1.0298676077281019e+00,-6.3081910138518205e-01
-3.5592437541872659e+00,1.3917289188397258e-01,1.0267696512503379e+00,-6.0836357710719136e-01
-3.5585333815251876e+00,1.4499558133909746e-01,1.0237840232215820e+00,-5.8588769297836618e-01
-3.5577934050099285e+00,1.5101367445972774e-01,1.0209108266846467e+00,-5.6339095364359293e-01
-3.5570228569491285e+00,1.5722344431394364e-01,1.0181501670875495e+00,-5.4087289233946956e-01
-3.5562207883711316e+00,1.6362112932350828e-01,1.0155021521405496e+00,-5.1833307090153813e-01
-3.5553862692007430e+00,1.7020293224868635e-01,1.0129668916731180e+00,-4.9577107978267865e-01
-3.5545183884401443e+00,1.7696501914080226e-01,1.0105444974907893e+00,-4.7318653808197780e-01
-3.5536162543551248e+00,1.8390351826370038e-01,1.0082350832318454e+00,-4.5057909358328907e-01
-3.5526789946667781e+00,1.9101451898538166e-01,1.0060387642237822e+00,-4.2794842280260231e-01
-3.5517057567488157e+00,1.9829407064120450e-01,1.0039556573395210e+00,-4.0529423104324397e-01
-3.5506957078306298e+00,2.0573818137015468e-01,1.0019858808533257e+00,-3.8261625245783032e-01
-3.5496480352062409e+00,2.1334281692580756e-01,1.0001295542963966e+00,-3.5991425011579864e-01
-3.5485619464492477e+00,2.2110389946372616e-01,9.9838679831211063e-01,-3.3718801607524507e-01
-3.5474366696338979e+00,2.2901730630716000e-01,9.9675773451090244e-01,-3.1443737145769979e-01
-3.5462714535623796e+00,2.3707886869303124e-01,9.9524248532476101e-01,-2.9166216652437660e-01
-3.5450655679984258e+00,2.4528437050031657e-01,9.9384117386134285e-01,-2.6886228075233909e-01
-3.5438183039073197e+00,2.5362954696305445e-01,9.9255392375771656e-01,-2.4603762290893388e-01
-3.5425289737023666e+00,2.6211008337032726e-01,9.9138085903373341e-01,-2.2318813112275140e-01
-3.5411969114978925e+00,2.7072161375568615e-01,9.9032210394506048e-01,-2.0031377294928684e-01
-3.5398214733688187e+00,2.7945971957860272e-01,9.8937778283590383e-01,-1.7741454542938911e-01
-3.5384020376168426e+00,2.8831992840064424e-01,9.8854801999145714e-01,-1.5449047513850431e-01
-3.5369380050432433e+00,2.9729771255917864e-01,9.8783293949013551e-01,-1.3154161822464139e-01
-3.5354287992283218e+00,3.0638848784152106e-01,9.8723266505564933e-01,-1.0856806043291425e-01
-3.5338738668174599e+00,3.1558761216253378e-01,9.8674731990899467e-01,-8.5569917114443839e-02
-3.5322726778137792e+00,3.2489038424878663e-01,9.8637702662044369e-01,-6.2547333217339129e-02
-3.5306247258773524e+00,3.3429204233247356e-01,9.8612190696162738e-01,-3.9500483257415814e-02
-3.5289295286309170e+00,3.4378776285836304e-01,9.8598208175782265e-01,-1.6429571266256555e-02
-3.5271866279720134e+00,3.5337265920713445e-01,9.8595767074056084e-01,6.6651692858314231e-03
-3.5253955903914567e+00,3.6304178043851970e-01,9.8604879240068843e-01,2.9783475594448255e-02
-3.5235560072980383e+00,3.7279011005772539e-01,9.8625556384202362e-01,5.2925055655845002e-02
-3.5216674953493281e+00,3.8261256480866096e-01,9.8657810063577145e-01,7.6089588434329475e-02
-3.5197296967884362e+00,3.9250399349753479e-01,9.8701651667585821e-01,9.9276724064905772e-02
-3.5177422797865741e+00,4.0245917585040841e-01,9.8757092403537694e-01,1.2248608409373191e-01
-3.5157049387912331e+00,4.1247282140831476e-01,9.8824143282433052e-01,1.4571726175898472e-01
-3.5136173948797893e+00,4.2253956846355034e-01,9.8902815104889097e-01,1.6896982231471722e-01
-3.5114793961183119e+00,4.3265398304074348e-01,9.8993118447238526e-01,1.9224330340028090e-01
-3.5092907179253507e+00,4.4281055792627788e-01,9.9095063647825210e-01,2.1553721545786339e-01
-3.5070511634404449e+00,4.5300371174961751e-01,9.9208660793521020e-01,2.3885104220066061e-01
-3.5047605638970896e+00,4.6322778812002785e-01,9.9333919706489837e-01,2.6218424113416111e-01
-3.5024187789998731e+00,4.7347705482212610e-01,9.9470849931226013e-01,2.8553624413296930e-01
-3.5000256973054809e+00,4.8374570307361381e-01,9.9619460721895958e-01,3.0890645807553330e-01
-3.4975812366072487e+00,4.9402784684845191e-01,9.9779761030011560e-01,3.3229426553907143e-01
-3.4950853443229306e+00,5.0431752226862803e-01,9.9951759492466863e-01,3.5569902555690996e-01
-3.4925379978853277e+00,5.1460868706754215e-01,1.0013546441996954e+00,3.7912007444035239e-01
-3.4899392051354172e+00,5.2489522012789369e-01,1.0033088378589960e+00,4.0255672666709869e-01
-3.4872890047175984e+00,5.3517092109679831e-01,1.0053802521562956e+00,4.2600827583811984e-01
-3.4845874664766643e+00,5.4542951008068752e-01,1.0075689597634048e+00,4.4947399570477098e-01
-3.4818346918560943e+00,5.5566462742235623e-01,1.0098750296736956e+00,4.7295314126779270e-01
-3.4790308142972526e+00,5.6586983356231824e-01,1.0122985271112528e+00,4.9644494994970934e-01
-3.4761759996390618e+00,5.7603860898640946e-01,1.0148395134460761e+00,5.1994864284197961e-01
-3.4732704465177222e+00,5.8616435426134139e-01,1.0174980461157084e+00,5.4346342602809572e-01
-3.4703143867660295e+00,5.9624039015965891e-01,1.0202741785536675e+00,5.6698849198365653e-01
-3.4673080858118390e+00,6.0625995787528986e-01,1.0231679601250772e+00,5.9052302105426391e-01
-3.4642518430752265e+00,6.1621621933059534e-01,1.0261794360698797e+00,6.1406618301190530e-01
-3.4611459923638814e+00,6.2610225757553839e-01,1.0293086474540312e+00,6.3761713869029535e-01
-3.4579909022662747e+00,6.3591107727928420e-01,1.0325556311290685e+00,6.6117504169944941e-01
-3.4547869765421364e+00,6.4563560531422981e-01,1.0359204197004512e+00,6.8473904021955989e-01
-3.4515346545097820e+00,6.5526869143213518e-01,1.0394030415050652e+00,7.0830827887403736e-01
-3.4482344114298296e+00,6.6480310903169271e-01,1.0430035205982939e+00,7.3188190068136705e-01
-3.4448867588848526e+00,6.7423155601652962e-01,1.0467218767510440e+00,7.5545904908521633e-01
-3.4414922451545200e+00,6.8354665574228723e-01,1.0505581254571110e+00,7.7903887006201256e-01
-3.4380514555857786e+00,6.9274095805106495e-01,1.0545122779512806e+00,8.0262051430499370e-01
-3.4345650129576537e+00,7.0180694039115932e-01,1.0585843412385367e+00,8.2620313948351687e-01
-3.4310335778402377e+00,7.1073700901966563e-01,1.0627743181347471e+00,8.4978591257619429e-01
-3.4274578489474683e+00,7.1952350028514500e-01,1.0670822073192028e+00,8.7336801227621430e-01
-3.4238385634832977e+00,7.2815868198720168e-01,1.0715080033993569e+00,8.9694863146699422e-01
-3.4201764974808784e+00,7.3663475480945040e-01,1.0760516969881113e+00,9.2052697976610898e-01
-3.4164724661344112e+00,7.4494385382200279e-01,1.0807132747939914e+00,9.4410228613524083e-01
-3.4127273241233134e+00,7.5307805004924722e-01,1.0854927197245337e+00,9.6767380155370364e-01
-3.4089419659283950e+00,7.6102935209835820e-01,1.0903900110031861e+00,9.9124080175291407e-01
-3.4051173261397518e+00,7.6878970784363487e-01,1.0954051243000347e+00,1.0148025900090081e+00
-3.4012543797561068e+00,7.7635100616144848e-01,1.1005380318766296e+00,1.0383584999906392e+00
-3.3973541424753626e+00,7.8370507871026851e-01,1.1057887027451780e+00,1.0619078986588446e+00
-3.3934176709761537e+00,7.9084370174994334e-01,1.1111571028423688e+00,1.0854501892157276e+00
-3.3894460631902166e+00,7.9775859799413240e-01,1.1166431952180442e+00,1.1089848140985803e+00
-3.3854404585654287e+00,8.0444143848952721e-01,1.1222469402389565e+00,1.1325112580159638e+00
-3.3814020383193979e+00,8.1088384451525786e-01,1.1279682958077979e+00,1.1560290510221647e+00
-3.3773320256835184e+00,8.1707738949566333e-01,1.1338072175976937e+00,1.1795377716263760e+00
-3.3732316861374461e+00,8.2301360091940445e-01,1.1397636593023197e+00,1.2030370499328846e+00
-3.3691023276339753e+00,8.2868396225772889e-01,1.1458375729017849e+00,1.2265265708085067e+00
-3.3649453008143455e+00,8.3407991487454802e-01,1.1520289089444216e+00,1.2500060770734898e+00
-3.3607619992140298e+00,8.3919285992086445e-01,1.1583376168445705e+00,1.2734753727120884e+00
-3.3565538594591104e+00,8.4401416020599773e-01,1.1647636451964649e+00,1.2969343260990389e+00
-3.3523223614533695e+00,8.4853514203798786e-01,1.1713069421042785e+00,1.3203828732381826e+00
-3.3480690285562731e+00,8.5274709702552376e-01,1.1779674555283863e+00,1.3438210210095405e+00
-3.3437954277520578e+00,8.5664128383373728e-01,1.1847451336478780e+00,1.3672488504212081e+00
-3.3395031698101691e+00,8.6020892988622844e-01,1.1916399252393317e+00,1.3906665198625232e+00
-3.3351939094373426e+00,8.6344123300574771e-01,1.1986517800718515e+00,1.4140742683550633e+00
-3.3308693454216489e+00,8.6632936298604635e-01,1.2057806493183465e+00,1.4374724187981500e+00
-3.3265312207688691e+00,8.6886446308753074e-01,1.2130264859830158e+00,1.4608613812056694e+00
-3.3221813228315962e+00,8.7103765144950807e-01,1.2203892453449905e+00,1.4842416559311735e+00
-3.3178214834315023e+00,8.7284002241199843e-01,1.2278688854180659e+00,1.5076138368783867e+00
-3.3134535789752335e+00,8.7426264774030771e-01,1.2354653674264426e+00,1.5309786146944240e+00
-3.3090795305644423e+00,8.7529657774580705e-01,1.2431786562963865e+00,1.5543367799432124e+00
-3.3047013041004889e+00,8.7593284229665058e-01,1.2510087211637000e+00,1.5776892262568103e+00
-3.3003209103843765e+00,8.7616245171248019e-01,1.2589555358968889e+00,1.6010369534625204e+00
-3.2959404052125141e+00,8.7597639753751733e-01,1.2670190796359035e+00,1.6243810706839126e+00
-3.2915618894689334e+00,8.7536565318682491e-01,1.2751993373463142e+00,1.6477227994140844e+00
-3.2871875092145979e+00,8.7432117446093915e-01,1.2834963003887792e+00,1.6710634765597110e+00
-3.2828194557744803e+00,8.7283389992452087e-01,1.2919099671036589e+00,1.6944045574546558e+00
-3.2784599658230942e+00,8.7089475114515680e-01,1.3004403434106191e+00,1.7177476188421288e+00
-3.2741113214691890e+00,8.6849463278896111e-01,1.3090874434230635e+00,1.7410943618245949e+00
-3.2697758503403325e+00,8.6562443257017452e-01,1.3178512900772361e+00,1.7644466147808380e+00
-3.2654559256681144e+00,8.6227502105254561e-01,1.3267319157758237e+00,1.7878063362497811e+00
-3.2611539663747187e+00,8.5843725130089987e-01,1.3357293630458944e+00,1.8111756177808447e+00
-3.2568724371616136e+00,8.5410195838196068e-01,1.3448436852110062e+00,1.8345566867507861e+00
-3.2526138486011176e+00,8.4925995871418292e-01,1.3540749470773115e+00,1.8579519091471115e+00
-3.2483807572315913e+00,8.4390204926709877e-01,1.3634232256335004e+00,1.8813637923182647e+00
-3.2441757656570087e+00,8.3801900661145412e-01,1.3728886107644076e+00,1.9047949876908945e+00
-3.2400015226516454e+00,8.3160158582224342e-01,1.3824712059781312e+00,1.9282482934545591e+00
-3.2358607232706147e+00,8.2464051923762416e-01,1.3921711291464858e+00,1.9517266572142471e+00
-3.2317561089669611e+00,8.1712651507762235e-01,1.4019885132586447e+00,1.9752331786110831e+00
-3.2276904677160019e+00,8.0905025592752711e-01,1.4119235071878053e+00,1.9987711119115137e+00
-3.2236666341475786e+00,8.0040239709192207e-01,1.4219762764707218e+00,2.0223438685651614e+00
-3.2196874896868453e+00,7.9117356482642021e-01,1.4321470040999476e+00,2.0459550197313559e+00
-3.2157559627041903e+00,7.8135435445536461e-01,1.4424358913286364e+00,2.0696082987741207e+00
-3.2118750286748328e+00,7.7093532838503687e-01,1.4528431584877319e+00,2.0933076037250822e+00
-3.2080477103485929e+00,7.5990701402328653e-01,1.4633690458153961e+00,2.1170569997133830e+00
-3.2042770779302736e+00,7.4825990161797240e-01,1.4740138142985000e+00,2.1408607213612187e+00
-3.2005662492710223e+00,7.3598444202819668e-01,1.4847777465259995e+00,2.1647231751430409e+00
-3.1969183900709734e+00,7.2307104444402992e-01,1.4956611475540171e+00,2.1886489417058090e+00
-3.1933367140933848e+00,7.0951007407228806e-01,1.5066643457824149e+00,2.2126427781468827e+00
-3.1898244833903902e+00,6.9529184980793790e-01,1.5177876938426493e+00,2.2367096202452386e+00
-3.1863850085403835e+00,6.8040664191290301e-01,1.5290315694966452e+00,2.2608545846406440e+00
-3.1830216488969443e+00,6.6484466972643197e-01,1.5403963765464326e+00,2.2850829709542131e+00
-3.1797378128490723e+00,6.4859609943379615e-01,1.5518825457542169e+00,2.3094002638423992e+00
-3.1765369580923748e+00,6.3165104192293486e-01,1.5634905357725355e+00,2.3338121349749161e+00
-3.1734225919106822e+00,6.1399955076178181e-01,1.5752208340840923e+00,2.3583244449253131e+00
-3.1703982714673988e+00,5.9563162033242334e-01,1.5870739579507962e+00,2.3829432449609365e+00
-3.1674676041057102e+00,5.7653718416198463e-01,1.5990504553714704e+00,2.4076747787167667e+00
-3.1646342476565494e+00,5.5670611349425425e-01,1.6111509060476026e+00,2.4325254837350996e+00
-3.1619019107530066e+00,5.3612821615057760e-01,1.6233759223564110e+00,2.4575019928502146e+00
-3.1592743531495953e+00,5.1479323573351810e-01,1.6357261503304050e+00,2.4826111353940217e+00
-3.1567553860445243e+00,4.9269085123225431e-01,1.6482022706424626e+00,2.5078599381951343e+00
-3.1543488724028008e+00,4.6981067709469698e-01,1.6608049995953262e+00,2.5332556263398893e+00
-3.1520587272776570e+00,4.4614226383793260e-01,1.6735350901142318e+00,2.5588056236594383e+00
-3.1498889181274157e+00,4.2167509927589358e-01,1.6863933327412095e+00,2.5845175529021476e+00
-3.1478434651244918e+00,3.9639861045118263e-01,1.6993805566293583e+00,2.6103992355451147e+00
-3.1459264414527754e+00,3.7030216636681601e-01,1.7124976305351707e+00,2.6364586911925612e+00
-3.1441419735891381e+00,3.4337508162338004e-01,1.7257454638066960e+00,2.6627041365021706e+00
-3.1424942415642425e+00,3.1560662107779547e-01,1.7391250073650149e+00,2.6891439835729933e+00
-3.1409874791972436e+00,2.8698600565165822e-01,1.7526372546761575e+00,2.7157868377203132e+00
-3.1396259742982764e+00,2.5750241943006247e-01,1.7662832427101858e+00,2.7426414945537441e+00
-3.1384140688318993e+00,2.2714501820602798e-01,1.7800640528837288e+00,2.7697169362647451e+00
-3.1373561590338488e+00,1.9590293964125435e-01,1.7939808119817684e+00,2.7970223270185883e+00
-3.1364566954725523e+00,1.6376531523103646e-01,1.8080346930538926e+00,2.8245670073335267e+00
-3.1357201830458798e+00,1.3072128427991914e-01,1.8222269162796536e+00,2.8523604873163322e+00
-3.1351511809025125e+00,9.6760010115180595e-02,1.8365587497969305e+00,2.8804124386084546e+00
-3.1347543022761299e+00,6.1870698787645846e-02,1.8510315104864645e+00,2.9087326848806234e+00
-3.1345342142193027e+00,2.6042620533782493e-02,1.8656465647048712e+00,2.9373311906956854e+00
-3.1344956372225421e+00,-1.0734865700338179e-02,1.8804053289574618e+00,2.9662180485397172e+00
-3.1346433447023880e+00,-4.8472284343688735e-02,1.8953092705011834e+00,2.9954034637998155e+00
-3.1349821623406866e+00,-8.7180011532629026e-02,1.9103599078668108e+00,3.0248977374433763e+00
-3.1355169672553216e+00,-1.2686823929608548e-01,1.9255588112882105e+00,3.0547112461279533e+00
-3.1362526869806029e+00,-1.6754693516209895e-01,1.9409076030251207e+00,3.0848544194428595e+00
-3.1371942982332564e+00,-2.0922579671493308e-01,1.9564079575642772e+00,3.1153377139534291e+00
-3.1383468254374991e+00,-2.5191420058982317e-01,1.9720616016820074e+00,3.1461715836862103e+00
-3.1397153389800168e+00,-2.9562114534757344e-01,1.9878703143495358e+00,3.1773664466582758e+00
-3.1413049531627433e+00,-3.4035518762365335e-01,2.0038359264601304e+00,3.2089326470162924e+00
-3.1431208238182000e+00,-3.8612437089635721e-01,2.0199603203549827e+00,3.2408804123110464e+00
-3.1451681455487357e+00,-4.3293614616623910e-01,2.0362454291222143e+00,3.2732198053908772e+00
-3.1474521485473446e+00,-4.8079728378480630e-01,2.0526932356407315e+00,3.3059606703531359e+00
-3.1499780949537817e+00,-5.2971377561491040e-01,2.0693057713377030e+00,3.3391125719466945e+00
-3.1527512746954733e+00,-5.7969072664917076e-01,2.0860851146253161e+00,3.3726847277711092e+00
-3.1557770007582082e+00,-6.3073223515710497e-01,2.1030333889790374e+00,3.4066859325699705e+00
-3.1590606038268123e+00,-6.8284126037773329e-01,2.1201527606160031e+00,3.4411244738680562e+00
-3.1626074262309714e+00,-7.3601947672392098e-01,2.1374454357282886e+00,3.4760080381553085e+00
-3.1664228151260727e+00,-7.9026711341972522e-01,2.1549136572216785e+00,3.5113436067767663e+00
-3.1705121148334534e+00,-8.4558277845510255e-01,2.1725597009063087e+00,3.5471373406482383e+00
-3.1748806582587927e+00,-9.0196326571670105e-01,2.1903858710810180e+00,3.5833944528849333e+00
-3.1795337573016456e+00,-9.5940334414296680e-01,2.2083944954486405e+00,3.6201190684072606e+00
-3.1844766921633703e+00,-1.0178955277610919e+00,2.2265879192947633e+00,3.6573140695779216e+00
-3.1897146994550649e+00,-1.0774298254979453e+00,2.2449684988577516e+00,3.6949809269313185e+00
-3.1952529590017393e+00,-1.1379934697235847e+00,2.2635385938131876e+00,3.7331195140850149e+00
-3.2010965792339885e+00,-1.1995706225918383e+00,2.2823005587914871e+00,3.7717279059791866e+00
-3.2072505810541196e+00,-1.2621420593965251e+00,2.3012567338433705e+00,3.8108021596803097e+00
-3.2137198800602835e+00,-1.3256848283741045e+00,2.3204094337643415e+00,3.8503360771173383e+00
-3.2205092670099833e+00,-1.3901718866650761e+00,2.3397609361866589e+00,3.8903209493008979e+00
-3.2276233864037751e+00,-1.4555717125095926e+00,2.3593134683455421e+00,3.9307452818181510e+00
-3.2350667130714439e+00,-1.5218478942107929e+00,2.3790691924261314e+00,3.9715945017084042e+00
-3.2428435266469906e+00,-1.5889586969663274e+00,2.3990301893991592e+00,4.0128506462183786e+00
-3.2509578838259277e+00,-1.6568566093587171e+00,2.4191984412569685e+00,4.0544920344228892e+00
-3.2594135883093514e+00,-1.7254878721225047e+00,2.4395758115678863e+00,4.0964929232879461e+00
-3.2682141583547293e+00,-1.7947919927833187e+00,2.4601640242765530e+00,4.1388231504597934e+00
-3.2773627918740904e+00,-1.8647012509013074e+00,2.4809646406912531e+00,4.1814477668942853e+00
-3.2868623290471652e+00,-1.9351401999553131e+00,2.5019790346172250e+00,4.2243266634027892e+00
-3.2967152124508177e+00,-2.0060251733753409e+00,2.5232083656179789e+00,4.2674141962858076e+00
-3.3069234447476603e+00,-2.0772638038620390e+00,2.5446535504155303e+00,4.3106588184502446e+00
-3.3174885440268369e+00,-2.1487545669052039e+00,2.5663152324757643e+00,4.3540027237493213e+00
-3.3284114969491809e+00,-2.2203863612976100e+00,2.5881937498673722e+00,4.3973815137241123e+00
-3.3396927099178115e+00,-2.2920381413881032e+00,2.6102891015324925e+00,4.4407238974285743e+00
-3.3513319585738324e+00,-2.3635786177621454e+00,2.6326009121643565e+00,4.4839514365369153e+00
-3.3633283360049364e+00,-2.4348660448901569e+00,2.6551283959519800e+00,4.5269783493974547e+00
-3.3756802001516681e+00,-2.5057481159320294e+00,2.6778703195236311e+00,4.5697113890264820e+00
-3.3883851210004794e+00,-2.5760619861940217e+00,2.7008249644986613e+00,4.6120498111257566e+00
-3.4014398282624829e+00,-2.6456344475436984e+00,2.7239900901396883e+00,4.6538854489369763e+00
-3.4148401603489940e+00,-2.7142822762232224e+00,2.7473628966820289e+00,4.6951029119794780e+00
-3.4285810155657446e+00,-2.7818127757742688e+00,2.7709399900017786e+00,4.7355799253079365e+00
-3.4426563065522622e+00,-2.8480245350127111e+00,2.7947173483644860e+00,4.7751878247282278e+00
-3.4570589190856555e+00,-2.9127084179975249e+00,2.8186902920686752e+00,4.8137922212860280e+00
-3.4717806764424921e+00,-2.9756487985903179e+00,2.8428534568575792e+00,4.8512538451836873e+00
-3.4868123105615738e+00,-3.0366250464204128e+00,2.8672007720130352e+00,4.8874295750186221e+00
-3.5021434412670356e+00,-3.0954132638563254e+00,2.8917254440619828e+00,4.9221736528640889e+00
-3.5177625647883382e+00,-3.1517882650407181e+00,2.9164199470129493e+00,4.9553390793024947e+00
-3.5336570527452493e+00,-3.2055257783956792e+00,2.9412760199925803e+00,4.9867791752376878e+00
-3.5498131626471330e+00,-3.2564048436023070e+00,2.9662846730668058e+00,5.0163492894231601e+00
-3.5662160607841487e+00,-3.3042103633865652e+00,2.9914362019055893e+00,5.0439086225172431e+00
-3.5828498581634345e+00,-3.3487357601000007e+00,3.0167202117842749e+00,5.0693221305741334e+00
-3.5996976598693258e+00,-3.3897856777495488e+00,3.0421256512107302e+00,5.0924624637273510e+00
-3.6167416279099638e+00,-3.4271786625206229e+00,3.0676408552309482e+00,5.1132118899757861e+00
-3.6339630572636623e+00,-3.4607497496412085e+00,3.0932535982043809e+00,5.1314641499792932e+00
-3.6513424644707380e+00,-3.4903528822460226e+00,3.1189511555644955e+00,5.1471261870757790e+00
-3.6688596877463615e+00,-3.5158630891491915e+00,-3.1384649333772892e+00,5.1601196976828794e+00
-3.6864939972351802e+00,-3.5371783533277128e+00,-3.1126375595350382e+00,5.1703824510079395e+00
-3.7042242137071941e+00,-3.5542211113970335e+00,-3.0867658040213404e+00,5.1778693335157087e+00
-3.7220288337238334e+00,-3.5669393360842312e+00,-3.0608636218678171e+00,5.1825530826288801e+00
-3.7398861590981975e+00,-3.5753071680671935e+00,-3.0349450588071711e+00,5.1844246851882696e+00
-3.7577744496598062e+00,-3.5793335961694615e+00,-3.0090241491649268e+00,5.1834976562319026e+00
-3.7756720752610340e+00,-3.5790534886520544e+00,-2.9831148146821311e+00,5.1798033990784367e+00
-3.7935576431959448e+00,-3.5745267302988757e+00,-2.9572307766839079e+00,5.1733905094549195e+00
-3.8114101234233408e+00,-3.5658382130320696e+00,-2.9313854709392619e+00,5.1643243995219397e+00
-3.8292089663724922e+00,-3.5530948919763907e+00,-2.9055919682599916e+00,5.1526853885068951e+00
-3.8469342089294414e+00,-3.5364240115532564e+00,-2.8798629033823659e+00,5.1385673064519999e+00
-3.8645665699605578e+00,-3.5159707072048012e+00,-2.8542104117410600e+00,5.1220757432627551e+00
-3.8820875339436181e+00,-3.4918956587118268e+00,-2.8286460750313394e+00,5.1033262933384664e+00
-3.8994794224394544e+00,-3.4643725851357829e+00,-2.8031808757913392e+00,5.0824427118270705e+00
-3.9167254530086324e+00,-3.4335857388021607e+00,-2.7778251612087570e+00,5.0595550766331039e+00
-3.9338097856194740e+00,-3.3997274175520422e+00,-2.7525886160573712e+00,5.0347979815394162e+00
-3.9507175568100048e+00,-3.3629955621625576e+00,-2.7274802444899002e+00,5.0083088063721819e+00
-3.9674349021378656e+00,-3.3235914805267961e+00,-2.7025083602211231e+00,4.9802260952542667e+00
-3.9839489676418891e+00,-3.2817177328322189e+00,-2.6776805844957572e+00,4.9506880676564888e+00
-4.0002479111964382e+00,-3.2375762065067941e+00,-2.6530038511259657e+00,4.9198312814439351e+00
-4.0163208947543581e+00,-3.1913663982094609e+00,-2.6284844178079654e+00,4.8877894589925912e+00
-4.0321580685403555e+00,-3.1432839121552401e+00,-2.6041278828876639e+00,4.8546924812727283e+00
-4.0477505482857463e+00,-3.0935191773523800e+00,-2.5799392067342950e+00,4.8206655495526585e+00
-4.0630903865912602e+00,-3.0422563796962199e+00,-2.5559227368951709e+00,4.7858285095906918e+00
-4.0781705394716923e+00,-2.9896726000491709e+00,-2.5320822362396203e+00,4.7502953296388846e+00
-4.0929848290815860e+00,-2.9359371455353318e+00,-2.5084209133507764e+00,4.7141737208579100e+00
-4.1075279035500225e+00,-2.8812110585734958e+00,-2.4849414544857775e+00,4.6775648869255058e+00
-4.1217951947704501e+00,-2.8256467864227583e+00,-2.4616460564939877e+00,4.6405633885569166e+00
-4.1357828749028114e+00,-2.7693879931335683e+00,-2.4385364601555124e+00,4.6032571082504719e+00
-4.1494878122540317e+00,-2.7125694956310853e+00,-2.4156139834755690e+00,4.5657273007009005e+00
-4.1629075271123668e+00,-2.6553173060585484e+00,-2.3928795545418411e+00,4.5280487148674533e+00
-4.1760401480237057e+00,-2.5977487633438576e+00,-2.3703337436199616e+00,4.4902897745354382e+00
-4.1888843689155308e+00,-2.5399727380974682e+00,-2.3479767942254779e+00,4.4525128052699587e+00
-4.2014394073980954e+00,-2.4820898962954208e+00,-2.3258086529682096e+00,4.4147742968456205e+00
-4.2137049645032869e+00,-2.4241930086580354e+00,-2.3038289980163871e+00,4.3771251914771598e+00
-4.2256811860599557e+00,-2.3663672941290175e+00,-2.2820372660731945e+00,4.3396111894189415e+00
-4.2373686258502419e+00,-2.3086907873345970e+00,-2.2604326777974588e+00,4.3022730647049778e+00
-4.2487682106444069e+00,-2.2512347213159067e+00,-2.2390142616334865e+00,4.2651469849363011e+00
-4.2598812071715138e+00,-2.1940639181509574e+00,-2.2177808760428412e+00,4.2282648300699801e+00
-4.2707091910494865e+00,-2.1372371812969728e+00,-2.1967312301536737e+00,4.1916545061126609e+00
-4.2812540176700136e+00,-2.0808076845799559e+00,-2.1758639028615185e+00,4.1553402504666987e+00
-4.2915177950109200e+00,-2.0248233537334532e+00,-2.1551773604298594e+00,4.1193429264189856e+00
-4.3015028583303119e+00,-1.9693272372449191e+00,-2.1346699726496308e+00,4.0836803049052302e+00
-4.3112117466825266e+00,-1.9143578640117793e+00,-2.1143400276247739e+00,4.0483673322318845e+00
-4.3206471811850493e+00,-1.8599495859484367e+00,-2.0941857452563459e+00,4.0134163829016458e+00
-4.3298120449576887e+00,-1.8061329042294978e+00,-2.0742052895009504e+00,3.9788374970747609e+00
-4.3387093646499020e+00,-1.7529347783133047e+00,-2.0543967794807951e+00,3.9446386025156372e+00
-4.3473422934688681e+00,-1.7003789172731523e+00,-2.0347582995227471e+00,3.9108257211307325e+00
-4.3557140956193727e+00,-1.6484860532805772e+00,-2.0152879082027155e+00,3.8774031604070971e+00
-4.3638281320664563e+00,-1.5972741973442441e+00,-1.9959836464697300e+00,3.8443736902185233e+00
-4.3716878475328338e+00,-1.5467588776168211e+00,-1.9768435449214339e+00,3.8117387055845153e+00
-4.3792967586450917e+00,-1.4969533607475269e+00,-1.9578656302995672e+00,3.7794983760522007e+00
-4.3866584431453806e+00,-1.4478688568856910e+00,-1.9390479312705180e+00,3.7476517824281186e+00
-4.3937765300886014e+00,-1.3995147090358702e+00,-1.9203884835522818e+00,3.7161970416203003e+00
-4.4006546909487669e+00,-1.3518985675324484e+00,-1.9018853344453390e+00,3.6851314203653542e+00
-4.4072966315621649e+00,-1.3050265504452927e+00,-1.8835365468210794e+00,3.6544514386141014e+00
-4.4137060848390774e+00,-1.2589033907516485e+00,-1.8653402026175661e+00,3.6241529633359049e+00
-4.4198868041800088e+00,-1.2135325711163494e+00,-1.8472944058886878e+00,3.5942312934790159e+00
-4.4258425575365656e+00,-1.1689164471155995e+00,-1.8293972854491329e+00,3.5646812367944438e+00
-4.4315771220612739e+00,-1.1250563597217715e+00,-1.8116469971541669e+00,3.5354971791961294e+00
-4.4370942792946257e+00,-1.0819527378402902e+00,-1.7940417258499330e+00,3.5066731472922519e+00
-4.4423978108415376e+00,-1.0396051916568674e+00,-1.7765796870269064e+00,3.4782028646827907e+00
-4.4474914944930957e+00,-9.9801259751602223e-01,-1.7592591282062715e+00,3.4500798025781072e+00
-4.4523791007529567e+00,-9.5717317501154076e-01,-1.7420783300863185e+00,3.4222972252532262e+00
-4.4570643897310909e+00,-9.1708455692766289e-01,-1.7250356074734672e+00,3.3948482308133454e+00
-4.4615511083706174e+00,-8.7774385262742893e-01,-1.7081293100202561e+00,3.3677257877084079e+00
-4.4658429879763810e+00,-8.3914770544264250e-01,-1.6913578227905379e+00,3.3409227673986579e+00
-4.4699437420165733e+00,-8.0129234457899290e-01,-1.6747195666701860e+00,3.3144319735392020e+00
-4.4738570641711766e+00,-7.6417363201051758e-01,-1.6582129986398648e+00,3.2882461680198332e+00
-4.4775866266032818e+00,-7.2778710480012077e-01,-1.6418366119248171e+00,3.2623580941667827e+00
-4.4811360784314269e+00,-6.9212801324752316e-01,-1.6255889360351423e+00,3.2367604973856330e+00
-4.4845090443830289e+00,-6.5719135523290895e-01,-1.6094685367087171e+00,3.2114461434993027e+00
-4.4877091236107427e+00,-6.2297190709371397e-01,-1.5934740157676988e+00,3.1864078350117011e+00
-4.4907398886551890e+00,-5.8946425134343150e-01,-1.5776040108984528e+00,3.1616384255062648e+00
-4.4936048845389864e+00,-5.5666280151494685e-01,-1.5618571953637499e+00,3.1371308323689817e+00
-4.4963076279783607e+00,-5.2456182438664922e-01,-1.5462322776551645e+00,3.1128780480076004e+00
-4.4988516066998390e+00,-4.9315545982730213e-01,-1.5307280010928155e+00,3.0888731497223545e+00
-4.5012402788506813e+00,-4.6243773847525516e-01,-1.5153431433788169e+00,3.0651093083686090e+00
-4.5034770724927045e+00,-4.3240259744892429e-01,-1.5000765161101732e+00,3.0415797959382425e+00
-4.5055653851701276e+00,-4.0304389426842646e-01,-1.4849269642562231e+00,3.0182779921741880e+00
-4.5075085835428945e+00,-3.7435541915269960e-01,-1.4698933656052091e+00,2.9951973903212927e+00
-4.5093100030777489e+00,-3.4633090584225690e-01,-1.4549746301840516e+00,2.9723316021064088e+00
-4.5109729477900222e+00,-3.1896404108479287e-01,-1.4401696996549767e+00,2.9496743620313062e+00
-4.5125006900297766e+00,-2.9224847290907818e-01,-1.4254775466922300e+00,2.9272195310535341e+00
-4.5138964703065341e+00,-2.6617781780185001e-01,-1.4108971743417795e+00,2.9049610997226702e+00
-4.5151634971473662e+00,-2.4074566689262997e-01,-1.3964276153665622e+00,2.8828931908324087e+00
-4.5163049469836380e+00,-2.1594559124250354e-01,-1.3820679315795701e+00,2.8610100616425980e+00
-4.5173239640621388e+00,-1.9177114632479172e-01,-1.3678172131667967e+00,2.8393061057195919e+00
-4.5182236603767709e+00,-1.6821587577816763e-01,-1.3536745780018400e+00,2.8177758544380498e+00
-4.5190071156173399e+00,-1.4527331450605424e-01,-1.3396391709537667e+00,2.7964139781825974e+00
-4.5196773771323544e+00,-1.2293699119002297e-01,-1.3257101631896404e+00,2.7752152872834608e+00
-4.5202374599030577e+00,-1.0120043027934232e-01,-1.3118867514729713e+00,2.7541747327163018e+00
-4.5206903465262229e+00,-8.0057153513753310e-02,-1.2981681574592026e+00,2.7332874065929595e+00
-4.5210389872035055e+00,-5.9500681031925198e-02,-1.2845536269892106e+00,2.7125485424666143e+00
-4.5212862997354053e+00,-3.9524532113832764e-02,-1.2710424293817040e+00,2.6919535154720049e+00
-4.5214351695181181e+00,-2.0122225601454116e-02,-1.2576338567252892e+00,2.6714978423187219e+00
-4.5214884495417795e+00,-1.2872800386829683e-03,-1.2443272231709068e+00,2.6511771811532405e+00
-4.5214489603887822e+00,1.6986786431851968e-02,-1.2311218642252548e+00,2.6309873313032370e+00
-4.5213194902310452e+00,3.4706456380293411e-02,-1.2180171360457610e+00,2.6109242329158104e+00
-4.5211027948252758e+00,5.1878213577298216e-02,-1.2050124147376033e+00,2.5909839664995076e+00
-4.5208015975054128e+00,6.8508543628379992e-02,-1.1921070956532489e+00,2.5711627523785050e+00
-4.5204185891715909e+00,8.4603934727467273e-02,-1.1793005926949203e+00,2.5514569500659094e+00
-4.5199564282750977e+00,1.0017087850436306e-01,-1.1665923376203891e+00,2.5318630575619014e+00
-4.5194177407989011e+00,1.1521587094269987e-01,-1.1539817793524527e+00,2.5123777105813407e+00
-4.5188051202334663e+00,1.2974541334674683e-01,-1.1414683832924446e+00,2.4929976817144714e+00
-4.5181211275476505e+00,1.4376601333705785e-01,-1.1290516306381004e+00,2.4737198795235025e+00
-4.5173682911545967e+00,1.5728418585646675e-01,-1.1167310177060941e+00,2.4545413475770799e+00
-4.5165491068726000e+00,1.7030645416934875e-01,-1.1045060552595602e+00,2.4354592634240033e+00
-4.5156660378810347e+00,1.8283935083839029e-01,-1.0923762678408906e+00,2.4164709375069751e+00
-4.5147215146714803e+00,1.9488941866435003e-01,-1.0803411931101143e+00,2.3975738120166810e+00
-4.5137179349942738e+00,2.0646321157546460e-01,-1.0684003811891571e+00,2.3787654596860923e+00
-4.5126576638007680e+00,2.1756729545425882e-01,-1.0565533940122789e+00,2.3600435825245509e+00
-4.5115430331816313e+00,2.2820824889057253e-01,-1.0447998046829889e+00,2.3414060104909211e+00
-4.5103763423015950e+00,2.3839266385061844e-01,-1.0331391968377561e+00,2.3228507001049001e+00
-4.5091598573310820e+00,2.4812714625284626e-01,-1.0215711640168124e+00,2.3043757329954175e+00
-4.5078958113752075e+00,2.5741831644231078e-01,-1.0100953090423808e+00,2.2859793143849765e+00
-4.5065864044006814e+00,2.6627280955613147e-01,-9.9871124340463524e-01,2.2676597715087365e+00
-4.5052338031611647e+00,2.7469727577349140e-01,-9.8741858665573989e-01,2.2494155519671444e+00
-4.5038401411216826e+00,2.8269838044445822e-01,-9.7621696581228790e-01,2.2312452220109735e+00
-4.5024075183827019e+00,2.9028280409272106e-01,-9.6510601476648716e-01,2.2131474647577076e+00
-4.5009380016045260e+00,2.9745724228812698e-01,-9.5408537370644009e-01,2.1951210783383406e+00
-4.4994336239326529e+00,3.0422840538567175e-01,-9.4315468854586015e-01,2.1771649739738068e+00
-4.4978963849247870e+00,3.1060301812835145e-01,-9.3231361036358784e-01,2.1592781739804550e+00
-4.4963282504801718e+00,3.1658781911201622e-01,-9.2156179485325751e-01,2.1414598097041808e+00
-4.4947311527719540e+00,3.2218956011108485e-01,-9.1089890178346877e-01,2.1237091193830797e+00
-4.4931069901832652e+00,3.2741500526467920e-01,-9.0032459446882562e-01,2.1060254459387271e+00
-4.4914576272477227e+00,3.3227093012341996e-01,-8.8983853925219503e-01,2.0884082346964772e+00
-4.4897848945950427e+00,3.3676412055779048e-01,-8.7944040499854381e-01,2.0708570310354557e+00
-4.4880905889024554e+00,3.4090137152962036e-01,-8.6912986260069403e-01,2.0533714779692240e+00
-4.4863764728525997e+00,3.4468948572886760e-01,-8.5890658449735113e-01,2.0359513136584031e+00
-4.4846442750985700e+00,3.4813527207848233e-01,-8.4877024420373193e-01,2.0185963688568545e+00
-4.4828956902367567e+00,3.5124554411071751e-01,-8.3872051585512430e-01,2.0013065642933467e+00
-4.4811323787881188e+00,3.5402711821881155e-01,-8.2875707376369689e-01,1.9840819079909400e+00
-4.4793559671885053e+00,3.5648681178849984e-01,-8.1887959198886229e-01,1.9669224925266489e+00
-4.4775680477886066e+00,3.5863144121431983e-01,-8.0908774392148342e-01,1.9498284922342499e+00
-4.4757701788640993e+00,3.6046781980615095e-01,-7.9938120188220196e-01,1.9328001603534055e+00
-4.4739638846365262e+00,3.6200275559187911e-01,-7.8975963673414906e-01,1.9158378261285698e+00
-4.4721506553054047e+00,3.6324304902249166e-01,-7.8022271751027983e-01,1.8989418918614238e+00
-4.4703319470920411e+00,3.6419549058629069e-01,-7.7077011105555115e-01,1.8821128299208560e+00
-4.4685091822954899e+00,3.6486685833926291e-01,-7.6140148168414878e-01,1.8653511797147542e+00
-4.4666837493610512e+00,3.6526391535895592e-01,-7.5211649085194043e-01,1.8486575446281059e+00
-4.4648570029616756e+00,3.6539340712948765e-01,-7.4291479684431394e-01,1.8320325889321238e+00
-4.4630302640926036e+00,3.6526205886555452e-01,-7.3379605447953011e-01,1.8154770346692939e+00
-4.4612048201795149e+00,3.6487657278350394e-01,-7.2475991482770219e-01,1.7989916585194243e+00
-4.4593819252004394e+00,3.6424362532769849e-01,-7.1580602494548007e-01,1.7825772886519082e+00
-4.4575627998216358e+00,3.6336986436052143e-01,-7.0693402762649704e-01,1.7662348015695373e+00
-4.4557486315475847e+00,3.6226190632445571e-01,-6.9814356116760568e-01,1.7499651189493000e+00
-4.4539405748852303e+00,3.6092633338471269e-01,-6.8943425915090817e-01,1.7337692044856590e+00
-4.4521397515225383e+00,3.5936969056089191e-01,-6.8080575024155188e-01,1.7176480607418525e+00
-4.4503472505214035e+00,3.5759848285611812e-01,-6.7225765800123316e-01,1.7016027260147712e+00
-4.4485641285249011e+00,3.5561917239203233e-01,-6.6378960071733761e-01,1.6856342712189563e+00
-4.4467914099788315e+00,3.5343817555790485e-01,-6.5540119124759322e-01,1.6697437967952233e+00
-4.4450300873674671e+00,3.5106186018199459e-01,-6.4709203688011474e-01,1.6539324296493561e+00
-4.4432811214633698e+00,3.4849654273310271e-01,-6.3886173920866174e-01,1.6382013201262182e+00
-4.4415454415911109e+00,3.4574848556005772e-01,-6.3070989402292987e-01,1.6225516390245291e+00
-4.4398239459046760e+00,3.4282389417662934e-01,-6.2263609121365704e-01,1.6069845746574023e+00
-4.4381175016783265e+00,3.3972891459909915e-01,-6.1463991469229740e-01,1.5915013299635929e+00
-4.4364269456106182e+00,3.3646963074341957e-01,-6.0672094232500662e-01,1.5761031196742201e+00
-4.4347530841412768e+00,3.3305206188857273e-01,-5.9887874588063994e-01,1.5607911675395281e+00
-4.4330966937805734e+00,3.2948216021239807e-01,-5.9111289099246456e-01,1.5455667036200376e+00
-4.4314585214508320e+00,3.2576580840579433e-01,-5.8342293713323912e-01,1.5304309616462017e+00
-4.4298392848396526e+00,3.2190881737082228e-01,-5.7580843760331923e-01,1.5153851764504336e+00
-4.4282396727644269e+00,3.1791692400783922e-01,-5.6826893953141244e-01,1.5004305814751131e+00
-4.4266603455476856e+00,3.1379578909638939e-01,-5.6080398388759711e-01,1.4855684063599073e+00
-4.4251019354027950e+00,3.0955099527415625e-01,-5.5341310550820033e-01,1.4707998746114554e+00
-4.4235650468295074e+00,3.0518804511785957e-01,-5.4609583313211285e-01,1.4561262013581848e+00
-4.4220502570188431e+00,3.0071235932954921e-01,-5.3885168944811479e-01,1.4415485911927239e+00
-4.4205581162667729e+00,2.9612927503131670e-01,-5.3168019115276266e-01,1.4270682361040843e+00
-4.4190891483961492e+00,2.9144404417101305e-01,-5.2458084901838831e-01,1.4126863135014793e+00
-4.4176438511863241e+00,2.8666183204113127e-01,-5.1755316797074613e-01,1.3984039843313494e+00
-4.4162226968098892e+00,2.8178771591258706e-01,-5.1059664717584052e-01,1.3842223912888580e+00
-4.4148261322759561e+00,2.7682668378471093e-01,-5.0371078013545389e-01,1.3701426571248321e+00
-4.4134545798793923e+00,2.7178363325235516e-01,-4.9689505479090279e-01,1.3561658830488201e+00
-4.4121084376554291e+00,2.6666337049061739e-01,-4.9014895363453537e-01,1.3422931472286617e+00
-4.4107880798390493e+00,2.6147060935729410e-01,-4.8347195382849151e-01,1.3285255033866732e+00
-4.4094938573285711e+00,2.5620997061280165e-01,-4.7686352733023796e-01,1.3148639794922901e+00
-4.4082260981528387e+00,2.5088598125694084e-01,-4.7032314102440331e-01,1.3013095765507379e+00
-4.4069851079414386e+00,2.4550307398153728e-01,-4.6385025686042436e-01,1.2878632674870547e+00
-4.4057711703973652e+00,2.4006558673766068e-01,-4.5744433199554368e-01,1.2745259961245448e+00
-4.4045845477715666e+00,2.3457776241581621e-01,-4.5110481894267540e-01,1.2612986762565157e+00
-4.4034254813388136e+00,2.2904374863721028e-01,-4.4483116572268333e-01,1.2481821908099333e+00
-4.4022941918743355e+00,2.2346759765391994e-01,-4.3862281602061604e-01,1.2351773910994264e+00
-4.4011908801306880e+00,2.1785326635554342e-01,-4.3247920934544393e-01,1.2222850961698835e+00
-4.4001157273143319e+00,2.1220461637967636e-01,-4.2639978119287392e-01,1.2095060922257086e+00
-4.3990688955613972e+00,2.0652541432334606e-01,-4.2038396321079841e-01,1.1968411321446406e+00
-4.3980505284121527e+00,2.0081933205234459e-01,-4.1443118336697093e-01,1.1842909350738968e+00
-4.3970607512836848e+00,1.9508994710522903e-01,-4.0854086611849993e-01,1.1718561861062642e+00
-4.3960996719403278e+00,1.8934074318860597e-01,-4.0271243258276979e-01,1.1595375360336493e+00
-4.3951673809613991e+00,1.8357511076018498e-01,-3.9694530070940015e-01,1.1473356011754889e+00
-4.3942639522058053e+00,1.7779634769597291e-01,-3.9123888545288565e-01,1.1352509632793377e+00
-4.3933894432731098e+00,1.7200766003788714e-01,-3.8559259894555797e-01,1.1232841694908697e+00
-4.3925438959606691e+00,1.6621216281798967e-01,-3.8000585067052839e-01,1.1114357323904700e+00
-4.3917273367164658e+00,1.6041288095548645e-01,-3.7447804763428838e-01,1.0997061300935418e+00
-4.3909397770872811e+00,1.5461275022259438e-01,-3.6900859453865387e-01,1.0880958064116180e+00
-4.3901812141618741e+00,1.4881461827535392e-01,-3.6359689395175820e-01,1.0766051710713391e+00
-4.3894516310088543e+00,1.4302124574545511e-01,-3.5824234647781417e-01,1.0652345999883490e+00
-4.3887509971089491e+00,1.3723530738914969e-01,-3.5294435092537135e-01,1.0539844355931509e+00
-4.3880792687813930e+00,1.3145939328934053e-01,-3.4770230447382477e-01,1.0428549872059805e+00
-4.3874363896041810e+00,1.2569601010697073e-01,-3.4251560283792770e-01,1.0318465314577643e+00
-4.3868222908279524e+00,1.1994758237787770e-01,-3.3738364043009561e-01,1.0209593127542604e+00
-4.3862368917832786e+00,1.1421645385133165e-01,-3.3230581052028541e-01,1.0101935437805110e+00
-4.3856801002811698e+00,1.0850488886654243e-01,-3.2728150539325362e-01,9.9954940604277975e-01
-4.3851518130066047e+00,1.0281507376349115e-01,-3.2231011650302488e-01,9.8902705044519557e-01
-4.3846519159049322e+00,9.7149118324525552e-02,-3.1739103462439022e-01,9.7862659789837880e-01
-4.3841802845609950e+00,9.1509057243246358e-02,-3.1252365000128890e-01,9.6834813995738866e-01
-4.3837367845708446e+00,8.5896851617308020e-02,-3.0770735249193315e-01,9.5819173948639669e-01
-4.3833212719059427e+00,8.0314390461858273e-02,-3.0294153171054905e-01,9.4815743134756147e-01
-4.3829335932697511e+00,7.4763492240447524e-02,-2.9822557716561704e-01,9.3824522311165592e-01
-4.3825735864466271e+00,6.9245906410349431e-02,-2.9355887839450734e-01,9.2845509578807606e-01
-4.3822410806429621e+00,6.3763314979348285e-02,-2.8894082509442764e-01,9.1878700457194251e-01
-4.3819358968205186e+00,5.8317334071165280e-02,-2.8437080724958896e-01,9.0924087960608824e-01
-4.3816578480219173e+00,5.2909515496815093e-02,-2.7984821525453718e-01,8.9981662675581420e-01
-4.3814067396882637e+00,4.7541348329304130e-02,-2.7537244003357841e-01,8.9051412839437782e-01
-4.3811823699688972e+00,4.2214260479203514e-02,-2.7094287315625287e-01,8.8133324419727210e-01
-4.3809845300232606e+00,3.6929620268751372e-02,-2.6655890694882522e-01,8.7227381194343656e-01
-4.3808130043149145e+00,3.1688738002260401e-02,-2.6221993460174797e-01,8.6333564832163434e-01
-4.3806675708977076e+00,2.6492867530727986e-02,-2.5792535027308983e-01,8.5451854974031549e-01
-4.3805480016941463e+00,2.1343207808665620e-02,-2.5367454918790688e-01,8.4582229313937562e-01
-4.3804540627660016e+00,1.6240904441283097e-02,-2.4946692773355217e-01,8.3724663680230682e-01
-4.3803855145772088e+00,1.1187051220279574e-02,-2.4530188355092797e-01,8.2879132116732235e-01
-4.3803421122491200e+00,6.1826916466081122e-03,-2.4117881562168808e-01,8.2045606963612283e-01
-4.3803236058081785e+00,1.2288204386925192e-03,-2.3709712435140506e-01,8.1224058937905474e-01
-4.3803297404260926e+00,-3.6736149753151441e-03,-2.3305621164872115e-01,8.0414457213549195e-01
-4.3803602566525903e+00,-8.5237129825413184e-03,-2.2905548100051476e-01,7.9616769500835349e-01
-4.3804148906408429e+00,-1.3320616328863336e-02,-2.2509433754310759e-01,7.8830962125174442e-01
-4.3804933743656571e+00,-1.8063510681948291e-02,-2.2117218812955652e-01,7.8057000105078589e-01
-4.3805954358345334e+00,-2.2751623214862252e-02,-2.1728844139306425e-01,7.7294847229276997e-01
-4.3807207992916934e+00,-2.7384221211159979e-02,-2.1344250780655916e-01,7.6544466132884725e-01
-4.3808691854151913e+00,-3.1960610692275224e-02,-2.0963379973849339e-01,7.5805818372552336e-01
-4.3810403115072170e+00,-3.6480135067945216e-02,-2.0586173150490694e-01,7.5078864500530407e-01
-4.3812338916777120e+00,-4.0942173810320025e-02,-2.0212571941782187e-01,7.4363564137589333e-01
-4.3814496370214160e+00,-4.5346141152328281e-02,-1.9842518183001356e-01,7.3659876044740902e-01
-4.3816872557884672e+00,-4.9691484810795120e-02,-1.9475953917623379e-01,7.2967758193713639e-01
-4.3819464535486796e+00,-5.3977684734736395e-02,-1.9112821401093694e-01,7.2287167836139699e-01
-4.3822269333496289e+00,-5.8204251879184800e-02,-1.8753063104258416e-01,7.1618061571416147e-01
-4.3825283958686674e+00,-6.2370727004838866e-02,-1.8396621716458483e-01,7.0960395413208521e-01
-4.3828505395590076e+00,-6.6476679503764527e-02,-1.8043440148294732e-01,7.0314124854569193e-01
-4.3831930607899947e+00,-7.0521706251321203e-02,-1.7693461534071453e-01,6.9679204931647654e-01
-4.3835556539817082e+00,-7.4505430484430174e-02,-1.7346629233924027e-01,6.9055590285973922e-01
-4.3839380117340196e+00,-7.8427500706251485e-02,-1.7002886835639774e-01,6.8443235225300370e-01
-4.3843398249502386e+00,-8.2287589617288479e-02,-1.6662178156177276e-01,6.7842093782990887e-01
-4.3847607829554835e+00,-8.6085393072893632e-02,-1.6324447242893125e-01,6.7252119775949903e-01
-4.3852005736099029e+00,-8.9820629067108290e-02,-1.5989638374482418e-01,6.6673266861086966e-01
-4.3856588834168830e+00,-9.3493036742729851e-02,-1.5657696061640358e-01,6.6105488590315753e-01
-4.3861353976263713e+00,-9.7102375427464069e-02,-1.5328565047452969e-01,6.5548738464089173e-01
-4.3866298003334432e+00,-1.0064842369598720e-01,-1.5002190307523389e-01,6.5002969983474801e-01
-4.3871417745722470e+00,-1.0413097845771198e-01,-1.4678517049841933e-01,6.4468136700777545e-01
-4.3876710024054493e+00,-1.0754985407002350e-01,-1.4357490714405863e-01,6.3944192268718414e-01
-4.3882171650093111e+00,-1.1090488147672553e-01,-1.4039056972597841e-01,6.3431090488180597e-01
-4.3887799427545167e+00,-1.1419590737141454e-01,-1.3723161726328215e-01,6.2928785354535810e-01
-4.3893590152828814e+00,-1.1742279338547758e-01,-1.3409751106950019e-01,6.2437231102565682e-01
-4.3899540615800641e+00,-1.2058541530039148e-01,-1.3098771473952375e-01,6.1956382249994468e-01
-4.3905647600443958e+00,-1.2368366228398375e-01,-1.2790169413439756e-01,6.1486193639650821e-01
-4.3911907885519526e+00,-1.2671743615030082e-01,-1.2483891736404029e-01,6.1026620480277716e-01
-4.3918318245179835e+00,-1.2968665064271592e-01,-1.2179885476795338e-01,6.0577618386010634e-01
-4.3924875449548146e+00,-1.3259123073989790e-01,-1.1878097889399353e-01,6.0139143414545115e-01
-4.3931576265263352e+00,-1.3543111198425242e-01,-1.1578476447526942e-01,5.9711152104015885e-01
-4.3938417455991852e+00,-1.3820623983243904e-01,-1.1280968840521943e-01,5.9293601508610172e-01
-4.3945395782907477e+00,-1.4091656902756100e-01,-1.0985522971094941e-01,5.8886449232938798e-01
-4.3952508005140558e+00,-1.4356206299261978e-01,-1.0692086952487401e-01,5.8489653465188973e-01
-4.3959750880197195e+00,-1.4614269324482237e-01,-1.0400609105473535e-01,5.8103173009083253e-01
-4.3967121164349763e+00,-1.4865843883032723e-01,-1.0111037955205227e-01,5.7726967314669331e-01
-4.3974615612999628e+00,-1.5110928577901336e-01,-9.8233222279056953e-02,5.7360996507965767e-01
-4.3982230981013135e+00,-1.5349522657885759e-01,-9.5374108474180375e-02,5.7005221419488727e-01
-4.3989964023031751e+00,-1.5581625966950524e-01,-9.2532529316134315e-02,5.6659603611684983e-01
-4.3997811493757411e+00,-1.5807238895462297e-01,-8.9707977886655854e-02,5.6324105405296421e-01
-4.4005770148213879e+00,-1.6026362333262467e-01,-8.6899949131949761e-02,5.5998689904681098e-01
-4.4013836741985157e+00,-1.6238997624536583e-01,-8.4107939822900768e-02,5.5683321022115961e-01
-4.4022008031431747e+00,-1.6445146524440732e-01,-8.1331448514088578e-02,5.5377963501105865e-01
-4.4030280773885622e+00,-1.6644811157445474e-01,-7.8569975501663336e-02,5.5082582938723479e-01
-4.4038651727824849e+00,-1.6837993977358681e-01,-7.5823022780131311e-02,5.4797145807004177e-01
-4.4047117653028618e+00,-1.7024697728989324e-01,-7.3090093998088079e-02,5.4521619473419680e-01
-4.4055675310713456e+00,-1.7204925411415128e-01,-7.0370694412956070e-02,5.4255972220453741e-01
-4.4064321463651543e+00,-1.7378680242817832e-01,-6.7664330844761977e-02,5.4000173264302764e-01
-4.4073052876271781e+00,-1.7545965626850793e-01,-6.4970511629001138e-02,5.3754192772723608e-01
-4.4081866314744440e+00,-1.7706785120504620e-01,-6.2288746568630593e-02,5.3518001882050259e-01
-4.4090758547050104e+00,-1.7861142403437597e-01,-5.9618546885234380e-02,5.3291572713400559e-01
-4.4099726343033634e+00,-1.8009041248738761e-01,-5.6959425169392119e-02,5.3074878388093394e-01
-4.4108766474443861e+00,-1.8150485495092591e-01,-5.4310895330301534e-02,5.2867893042296210e-01
-4.4117875714959744e+00,-1.8285479020315487e-01,-5.1672472544685988e-02,5.2670591840921810e-01
-4.4127050840203577e+00,-1.8414025716235383e-01,-4.9043673205025229e-02,5.2482950990792943e-01
-4.4136288627741989e+00,-1.8536129464887099e-01,-4.6424014867143981e-02,5.2304947753092201e-01
-4.4145585857075389e+00,-1.8651794115997286e-01,-4.3813016197200128e-02,5.2136560455114123e-01
-4.4154939309616434e+00,-1.8761023465734070e-01,-4.1210196918097353e-02,5.1977768501335520e-01
-4.4164345768658215e+00,-1.8863821236697859e-01,-3.8615077755363991e-02,5.1828552383819282e-01
-4.4173802019332697e+00,-1.8960191059131040e-01,-3.6027180382528279e-02,5.1688893691966176e-01
-4.4183304848560132e+00,-1.9050136453325611e-01,-3.3446027366020203e-02,5.1558775121628153e-01
-4.4192851044989903e+00,-1.9133660813209141e-01,-3.0871142109633709e-02,5.1438180483596030e-01
-4.4202437398933521e+00,-1.9210767391090811e-01,-2.8302048798583002e-02,5.1327094711473509e-01
-4.4212060702290197e+00,-1.9281459283550550e-01,-2.5738272343174273e-02,5.1225503868948541e-01
-4.4221717748465732e+00,-1.9345739418455693e-01,-2.3179338322134591e-02,5.1133395156472439e-01
-4.4231405332285121e+00,-1.9403610543090880e-01,-2.0624772925619261e-02,5.1050756917356044e-01
-4.4241120249899533e+00,-1.9455075213388251e-01,-1.8074102897927879e-02,5.0977578643291577e-01
-4.4250859298688185e+00,-1.9500135784246359e-01,-1.5526855479957469e-02,5.0913850979307829e-01
-4.4260619277155619e+00,-1.9538794400927448e-01,-1.2982558351427365e-02,5.0859565728165679e-01
-4.4270396984824973e+00,-1.9571052991524185e-01,-1.0440739572890045e-02,5.0814715854199799e-01
-4.4280189222127717e+00,-1.9596913260488125e-01,-7.9009275275723212e-03,5.0779295486611886e-01
-4.4289992790290462e+00,-1.9616376683213552e-01,-5.3626508630584269e-03,5.0753299922219675e-01
-4.4299804491219286e+00,-1.9629444501671622e-01,-2.8254384328514348e-03,5.0736725627665202e-01
-4.4309621127382144e+00,-1.9636117721090957e-01,-2.8881923784052077e-04,5.0729570241085131e-01
-4.4319439501689919e+00,-1.9636397107682199e-01,2.2476776323046010e-03,5.0731832573244839e-01
-4.4329256417376532e+00,-1.9630283187405212e-01,4.7845230577845399e-03,5.0743512608137309e-01
-4.4339068677878748e+00,-1.9617776245778915e-01,7.3221879473317486e-03,5.0764611503047130e-01
-4.4348873086716116e+00,-1.9598876328734979e-01,9.8611432968693791e-03,5.0795131588078812e-01
-4.4358666447371631e+00,-1.9573583244517803e-01,1.2401860248124841e-02,5.0835076365148124e-01
-4.4368445563173573e+00,-1.9541896566634492e-01,1.4944810147187404e-02,5.0884450506434131e-01
-4.4378207237179099e+00,-1.9503815637859706e-01,1.7490464602968103e-02,5.0943259852288902e-01
-4.4387948272060109e+00,-1.9459339575301507e-01,2.0039295545547731e-02,5.1011511408601040e-01
-4.4397665469991896e+00,-1.9408467276535515e-01,2.2591775284372950e-02,5.1089213343608397e-01
-4.4407355632545151e+00,-1.9351197426815911e-01,2.5148376566284547e-02,5.1176374984154482e-01
-4.4417015560581836e+00,-1.9287528507372972e-01,2.7709572633341395e-02,5.1273006811382427e-01
-4.4426642054155465e+00,-1.9217458804808082e-01,3.0275837280416162e-02,5.1379120455859406e-01
-4.4436231912416400e+00,-1.9140986421598249e-01,3.2847644912531671e-02,5.1494728692123759e-01
-4.4445781933522621e+00,-1.9058109287723463e-01,3.5425470601912146e-02,5.1619845432646227e-01
-4.4455288914556652e+00,-1.8968825173431261e-01,3.8009790144713840e-02,5.1754485721196031e-01
-4.4464749651449100e+00,-1.8873131703154164e-01,4.0601080117413701e-02,5.1898665725601545e-01
-4.4474160938909506e+00,-1.8771026370596691e-01,4.3199817932817908e-02,5.2052402729894853e-01
-4.4483519570364987e+00,-1.8662506555009922e-01,4.5806481895660944e-02,5.2215715125828499e-01
-4.4492822337907336e+00,-1.8547569538672631e-01,4.8421551257767703e-02,5.2388622403752050e-01
-4.4502066032249159e+00,-1.8426212525599198e-01,5.1045506272742180e-02,5.2571145142835418e-01
-4.4511247442689683e+00,-1.8298432661495651e-01,5.3678828250146360e-02,5.2763305000625083e-01
-4.4520363357090877e+00,-1.8164227054986257e-01,5.6321999609148854e-02,5.2965124701918642e-01
-4.4529410561864475e+00,-1.8023592800134222e-01,5.8975503931589124e-02,5.3176628026942507e-01
-4.4538385841970589e+00,-1.7876527000281159e-01,6.1639826014443067e-02,5.3397839798816693e-01
-4.4547285980928635e+00,-1.7723026793231023e-01,6.4315451921636679e-02,5.3628785870290108e-01
-4.4556107760841099e+00,-1.7563089377805319e-01,6.7002869035180268e-02,5.3869493109729072e-01
-4.4564847962431022e+00,-1.7396712041797377e-01,6.9702566105583230e-02,5.4119989386341072e-01
-4.4573503365093732e+00,-1.7223892191354562e-01,7.2415033301511222e-02,5.4380303554615117e-01
-4.4582070746963707e+00,-1.7044627381818206e-01,7.5140762258642191e-02,5.4650465437959617e-01
